# Wii Play RHAP01 rev 1: AI tick 0x8026BB3C run by scratch/oracle on a Dolphin dump.
# One line per frame, integers. RNG state is [r13-25800] (LCG) and [r13-25796] (LFSR).
# frame lcg lfsr c10C c110 c118 g70 g74 a24 a28 a2C a54 a58 -> lcg lfsr c10C c110 c118
0 96938437 38101 11 8 1001 168 0 60 30 45 0 0 -> 96938437 38101 10 7 1000
1 96938437 38101 10 7 1000 167 0 60 30 45 0 0 -> 96938437 38101 9 6 999
2 96938437 38101 9 6 999 166 0 60 30 45 0 0 -> 96938437 38101 8 5 998
3 96938437 38101 8 5 998 165 0 60 30 45 0 0 -> 96938437 38101 7 4 997
4 96938437 38101 7 4 997 164 0 60 30 45 0 0 -> 96938437 38101 6 3 996
5 96938437 38101 6 3 996 163 0 60 30 45 0 0 -> 96938437 38101 5 2 995
6 96938437 38101 5 2 995 162 0 60 30 45 0 0 -> 96938437 38101 4 1 994
7 96938437 38101 4 1 994 161 0 60 30 45 0 0 -> 2011496218 49786 3 41 993
8 2011496218 49786 3 41 993 160 0 60 30 45 0 0 -> 2011496218 49786 2 40 992
9 2011496218 49786 2 40 992 159 0 60 30 45 0 0 -> 2011496218 49786 1 39 991
10 2011496218 49786 1 39 991 158 0 60 30 45 0 0 -> 3126245963 24893 60 38 990
11 3126245963 24893 60 38 990 157 0 60 30 45 0 0 -> 3126245963 24893 59 37 989
12 3126245963 24893 59 37 989 156 0 60 30 45 0 0 -> 3126245963 24893 58 36 988
13 3126245963 24893 58 36 988 155 0 60 30 45 0 0 -> 3126245963 24893 57 35 987
14 3126245963 24893 57 35 987 154 0 60 30 45 0 0 -> 3126245963 24893 56 34 986
15 3126245963 24893 56 34 986 153 0 60 30 45 0 0 -> 3126245963 24893 55 33 985
16 3126245963 24893 55 33 985 152 0 60 30 45 0 0 -> 3126245963 24893 54 32 984
17 3126245963 24893 54 32 984 151 0 60 30 45 0 0 -> 3126245963 24893 53 31 983
18 3126245963 24893 53 31 983 150 0 60 30 45 0 0 -> 3126245963 24893 52 30 982
19 3126245963 24893 52 30 982 149 0 60 30 45 0 0 -> 3126245963 24893 51 29 981
20 3126245963 24893 51 29 981 148 0 60 30 45 0 0 -> 3126245963 24893 50 28 980
21 3126245963 24893 50 28 980 147 0 60 30 45 0 0 -> 3126245963 24893 49 27 979
22 3126245963 24893 49 27 979 146 0 60 30 45 0 0 -> 3126245963 24893 48 26 978
23 3126245963 24893 48 26 978 145 0 60 30 45 0 0 -> 3126245963 24893 47 25 977
24 3126245963 24893 47 25 977 144 0 60 30 45 0 0 -> 3126245963 24893 46 24 976
25 3126245963 24893 46 24 976 143 0 60 30 45 0 0 -> 3126245963 24893 45 23 975
26 3126245963 24893 45 23 975 142 0 60 30 45 0 0 -> 3126245963 24893 44 22 974
27 3126245963 24893 44 22 974 141 0 60 30 45 0 0 -> 3126245963 24893 43 21 973
28 3126245963 24893 43 21 973 140 0 60 30 45 0 0 -> 3126245963 24893 42 20 972
29 3126245963 24893 42 20 972 139 0 60 30 45 0 0 -> 3126245963 24893 41 19 971
30 3126245963 24893 41 19 971 138 0 60 30 45 0 0 -> 3126245963 24893 40 18 970
31 3126245963 24893 40 18 970 137 0 60 30 45 0 0 -> 3126245963 24893 39 17 969
32 3126245963 24893 39 17 969 136 0 60 30 45 0 0 -> 3126245963 24893 38 16 968
33 3126245963 24893 38 16 968 135 0 60 30 45 0 0 -> 3126245963 24893 37 15 967
34 3126245963 24893 37 15 967 134 0 60 30 45 0 0 -> 3126245963 24893 36 14 966
35 3126245963 24893 36 14 966 133 0 60 30 45 0 0 -> 3126245963 24893 35 13 965
36 3126245963 24893 35 13 965 132 0 60 30 45 0 0 -> 3126245963 24893 34 12 964
37 3126245963 24893 34 12 964 131 0 60 30 45 0 0 -> 3126245963 24893 33 11 963
38 3126245963 24893 33 11 963 130 0 60 30 45 0 0 -> 3126245963 24893 32 10 962
39 3126245963 24893 32 10 962 129 0 60 30 45 0 0 -> 3126245963 24893 31 9 961
40 3126245963 24893 31 9 961 128 0 60 30 45 0 0 -> 3126245963 24893 30 8 960
41 3126245963 24893 30 8 960 127 0 60 30 45 0 0 -> 3126245963 24893 29 7 959
42 3126245963 24893 29 7 959 126 0 60 30 45 0 0 -> 3126245963 24893 28 6 958
43 3126245963 24893 28 6 958 125 0 60 30 45 0 0 -> 3126245963 24893 27 5 957
44 3126245963 24893 27 5 957 124 0 60 30 45 0 0 -> 3126245963 24893 26 4 956
45 3126245963 24893 26 4 956 123 0 60 30 45 0 0 -> 3126245963 24893 25 3 955
46 3126245963 24893 25 3 955 122 0 60 30 45 0 0 -> 3126245963 24893 24 2 954
47 3126245963 24893 24 2 954 121 0 60 30 45 0 0 -> 3126245963 24893 23 1 953
48 3126245963 24893 23 1 953 120 0 60 30 45 0 0 -> 3836894248 47246 22 30 952
49 3836894248 47246 22 30 952 119 0 60 30 45 0 0 -> 3836894248 47246 21 29 951
50 3836894248 47246 21 29 951 118 0 60 30 45 0 0 -> 3836894248 47246 20 28 950
51 3836894248 47246 20 28 950 117 0 60 30 45 0 0 -> 3836894248 47246 19 27 949
52 3836894248 47246 19 27 949 116 0 60 30 45 0 0 -> 3836894248 47246 18 26 948
53 3836894248 47246 18 26 948 115 0 60 30 45 0 0 -> 3836894248 47246 17 25 947
54 3836894248 47246 17 25 947 114 0 60 30 45 0 0 -> 3836894248 47246 16 24 946
55 3836894248 47246 16 24 946 113 0 60 30 45 0 0 -> 3836894248 47246 15 23 945
56 3836894248 47246 15 23 945 112 0 60 30 45 0 0 -> 3836894248 47246 14 22 944
57 3836894248 47246 14 22 944 111 0 60 30 45 0 0 -> 3836894248 47246 13 21 943
58 3836894248 47246 13 21 943 110 0 60 30 45 0 0 -> 3836894248 47246 12 20 942
59 3836894248 47246 12 20 942 109 0 60 30 45 0 0 -> 3836894248 47246 11 19 941
60 3836894248 47246 11 19 941 108 0 60 30 45 0 0 -> 3836894248 47246 10 18 940
61 3836894248 47246 10 18 940 107 0 60 30 45 0 0 -> 3836894248 47246 9 17 939
62 3836894248 47246 9 17 939 106 0 60 30 45 0 0 -> 3836894248 47246 8 16 938
63 3836894248 47246 8 16 938 105 0 60 30 45 0 0 -> 3836894248 47246 7 15 937
64 3836894248 47246 7 15 937 104 0 60 30 45 0 0 -> 3836894248 47246 6 14 936
65 3836894248 47246 6 14 936 103 0 60 30 45 0 0 -> 3836894248 47246 5 13 935
66 3836894248 47246 5 13 935 102 0 60 30 45 0 0 -> 3836894248 47246 4 12 934
67 3836894248 47246 4 12 934 101 0 60 30 45 0 0 -> 3836894248 47246 3 11 933
68 3836894248 47246 3 11 933 100 0 60 30 45 0 0 -> 3836894248 47246 2 10 932
69 3836894248 47246 2 10 932 99 0 60 30 45 0 0 -> 3836894248 47246 1 9 931
70 3836894248 47246 1 9 931 98 0 60 30 45 0 0 -> 653630785 23623 60 8 930
71 653630785 23623 60 8 930 97 0 60 30 45 0 0 -> 653630785 23623 59 7 929
72 653630785 23623 59 7 929 96 0 60 30 45 0 0 -> 653630785 23623 58 6 928
73 653630785 23623 58 6 928 95 0 60 30 45 0 0 -> 653630785 23623 57 5 927
74 653630785 23623 57 5 927 94 0 60 30 45 0 0 -> 653630785 23623 56 4 926
75 653630785 23623 56 4 926 93 0 60 30 45 0 0 -> 653630785 23623 55 3 925
76 653630785 23623 55 3 925 92 0 60 30 45 0 0 -> 653630785 23623 54 2 924
77 653630785 23623 54 2 924 91 0 60 30 45 0 0 -> 653630785 23623 53 1 923
78 653630785 23623 53 1 923 90 0 60 30 45 0 0 -> 2378429158 42547 52 40 922
79 2378429158 42547 52 40 922 89 0 60 30 45 0 0 -> 2378429158 42547 51 39 921
80 2378429158 42547 51 39 921 88 0 60 30 45 0 0 -> 2378429158 42547 50 38 920
81 2378429158 42547 50 38 920 87 0 60 30 45 0 0 -> 2378429158 42547 49 37 919
82 2378429158 42547 49 37 919 86 0 60 30 45 0 0 -> 2378429158 42547 48 36 918
83 2378429158 42547 48 36 918 85 0 60 30 45 0 0 -> 2378429158 42547 47 35 917
84 2378429158 42547 47 35 917 84 0 60 30 45 0 0 -> 2378429158 42547 46 34 916
85 2378429158 42547 46 34 916 83 0 60 30 45 0 0 -> 2378429158 42547 45 33 915
86 2378429158 42547 45 33 915 82 0 60 30 45 0 0 -> 2378429158 42547 44 32 914
87 2378429158 42547 44 32 914 81 0 60 30 45 0 0 -> 2378429158 42547 43 31 913
88 2378429158 42547 43 31 913 80 0 60 30 45 0 0 -> 2378429158 42547 42 30 912
89 2378429158 42547 42 30 912 79 0 60 30 45 0 0 -> 2378429158 42547 41 29 911
90 2378429158 42547 41 29 911 78 0 60 30 45 0 0 -> 2378429158 42547 40 28 910
91 2378429158 42547 40 28 910 77 0 60 30 45 0 0 -> 2378429158 42547 39 27 909
92 2378429158 42547 39 27 909 76 0 60 30 45 0 0 -> 2378429158 42547 38 26 908
93 2378429158 42547 38 26 908 75 0 60 30 45 0 0 -> 2378429158 42547 37 25 907
94 2378429158 42547 37 25 907 74 0 60 30 45 0 0 -> 2378429158 42547 36 24 906
95 2378429158 42547 36 24 906 73 0 60 30 45 0 0 -> 2378429158 42547 35 23 905
96 2378429158 42547 35 23 905 72 0 60 30 45 0 0 -> 2378429158 42547 34 22 904
97 2378429158 42547 34 22 904 71 0 60 30 45 0 0 -> 2378429158 42547 33 21 903
98 2378429158 42547 33 21 903 70 0 60 30 45 0 0 -> 2378429158 42547 32 20 902
99 2378429158 42547 32 20 902 69 0 60 30 45 0 0 -> 2378429158 42547 31 19 901
100 2378429158 42547 31 19 901 68 0 60 30 45 0 0 -> 2378429158 42547 30 18 900
101 2378429158 42547 30 18 900 67 0 60 30 45 0 0 -> 2378429158 42547 29 17 899
102 2378429158 42547 29 17 899 66 0 60 30 45 0 0 -> 2378429158 42547 28 16 898
103 2378429158 42547 28 16 898 65 0 60 30 45 0 0 -> 2378429158 42547 27 15 897
104 2378429158 42547 27 15 897 64 0 60 30 45 0 0 -> 2378429158 42547 26 14 896
105 2378429158 42547 26 14 896 63 0 60 30 45 0 0 -> 2378429158 42547 25 13 895
106 2378429158 42547 25 13 895 62 0 60 30 45 0 0 -> 2378429158 42547 24 12 894
107 2378429158 42547 24 12 894 61 0 60 30 45 0 0 -> 2378429158 42547 23 11 893
108 2378429158 42547 23 11 893 60 0 60 30 45 0 0 -> 2378429158 42547 22 10 892
109 2378429158 42547 22 10 892 59 0 60 30 45 0 0 -> 2378429158 42547 21 9 891
110 2378429158 42547 21 9 891 58 0 60 30 45 0 0 -> 2378429158 42547 20 8 890
111 2378429158 42547 20 8 890 57 0 60 30 45 0 0 -> 2378429158 42547 19 7 889
112 2378429158 42547 19 7 889 56 0 60 30 45 0 0 -> 2378429158 42547 18 6 888
113 2378429158 42547 18 6 888 55 0 60 30 45 0 0 -> 2378429158 42547 17 5 887
114 2378429158 42547 17 5 887 54 0 60 30 45 0 0 -> 2378429158 42547 16 4 886
115 2378429158 42547 16 4 886 53 0 60 30 45 0 0 -> 2378429158 42547 15 3 885
116 2378429158 42547 15 3 885 52 0 60 30 45 0 0 -> 2378429158 42547 14 2 884
117 2378429158 42547 14 2 884 51 0 60 30 45 0 0 -> 2378429158 42547 13 1 883
118 2378429158 42547 13 1 883 50 0 60 30 45 0 0 -> 1414836263 56073 12 38 882
119 1414836263 56073 12 38 882 49 0 60 30 45 0 0 -> 1414836263 56073 11 37 881
120 1414836263 56073 11 37 881 48 0 60 30 45 0 0 -> 1414836263 56073 10 36 880
121 1414836263 56073 10 36 880 47 0 60 30 45 0 0 -> 1414836263 56073 9 35 879
122 1414836263 56073 9 35 879 46 0 60 30 45 0 0 -> 1414836263 56073 8 34 878
123 1414836263 56073 8 34 878 45 0 60 30 45 0 0 -> 1414836263 56073 7 33 877
124 1414836263 56073 7 33 877 44 0 60 30 45 0 0 -> 1414836263 56073 6 32 876
125 1414836263 56073 6 32 876 43 0 60 30 45 0 0 -> 1414836263 56073 5 31 875
126 1414836263 56073 5 31 875 42 0 60 30 45 0 0 -> 1414836263 56073 4 30 874
127 1414836263 56073 4 30 874 41 0 60 30 45 0 0 -> 1414836263 56073 3 29 873
128 1414836263 56073 3 29 873 40 0 60 30 45 0 0 -> 1414836263 56073 2 28 872
129 1414836263 56073 2 28 872 39 0 60 30 45 0 0 -> 1414836263 56073 1 27 871
130 1414836263 56073 1 27 871 38 0 60 30 45 0 0 -> 3672445652 58772 60 26 870
131 3672445652 58772 60 26 870 37 0 60 30 45 0 0 -> 3672445652 58772 59 25 869
132 3672445652 58772 59 25 869 36 0 60 30 45 0 0 -> 3672445652 58772 58 24 868
133 3672445652 58772 58 24 868 35 0 60 30 45 0 0 -> 3672445652 58772 57 23 867
134 3672445652 58772 57 23 867 34 0 60 30 45 0 0 -> 3672445652 58772 56 22 866
135 3672445652 58772 56 22 866 33 0 60 30 45 0 0 -> 3672445652 58772 55 21 865
136 3672445652 58772 55 21 865 32 0 60 30 45 0 0 -> 3672445652 58772 54 20 864
137 3672445652 58772 54 20 864 31 0 60 30 45 0 0 -> 3672445652 58772 53 19 863
138 3672445652 58772 53 19 863 30 0 60 30 45 0 0 -> 3672445652 58772 52 18 862
139 3672445652 58772 52 18 862 29 0 60 30 45 0 0 -> 3672445652 58772 51 17 861
140 3672445652 58772 51 17 861 28 0 60 30 45 0 0 -> 3672445652 58772 50 16 860
141 3672445652 58772 50 16 860 27 0 60 30 45 0 0 -> 3672445652 58772 49 15 859
142 3672445652 58772 49 15 859 26 0 60 30 45 0 0 -> 3672445652 58772 48 14 858
143 3672445652 58772 48 14 858 25 0 60 30 45 0 0 -> 3672445652 58772 47 13 857
144 3672445652 58772 47 13 857 24 0 60 30 45 0 0 -> 3672445652 58772 46 12 856
145 3672445652 58772 46 12 856 23 0 60 30 45 0 0 -> 3672445652 58772 45 11 855
146 3672445652 58772 45 11 855 22 0 60 30 45 0 0 -> 3672445652 58772 44 10 854
147 3672445652 58772 44 10 854 21 0 60 30 45 0 0 -> 3672445652 58772 43 9 853
148 3672445652 58772 43 9 853 20 0 60 30 45 0 0 -> 3672445652 58772 42 8 852
149 3672445652 58772 42 8 852 19 0 60 30 45 0 0 -> 3672445652 58772 41 7 851
150 3672445652 58772 41 7 851 18 0 60 30 45 0 0 -> 3672445652 58772 40 6 850
151 3672445652 58772 40 6 850 17 0 60 30 45 0 0 -> 3672445652 58772 39 5 849
152 3672445652 58772 39 5 849 16 0 60 30 45 0 0 -> 3672445652 58772 38 4 848
153 3672445652 58772 38 4 848 15 0 60 30 45 0 0 -> 3672445652 58772 37 3 847
154 3672445652 58772 37 3 847 14 0 60 30 45 0 0 -> 3672445652 58772 36 2 846
155 3672445652 58772 36 2 846 13 0 60 30 45 0 0 -> 3672445652 58772 35 1 845
156 3672445652 58772 35 1 845 12 0 60 30 45 0 0 -> 1664994429 29386 34 34 844
157 1664994429 29386 34 34 844 11 0 60 30 45 0 0 -> 1664994429 29386 33 33 843
158 1664994429 29386 33 33 843 10 0 60 30 45 0 0 -> 1664994429 29386 32 32 842
159 1664994429 29386 32 32 842 9 0 60 30 45 0 0 -> 1664994429 29386 31 31 841
160 1664994429 29386 31 31 841 8 0 60 30 45 0 0 -> 1664994429 29386 30 30 840
161 1664994429 29386 30 30 840 7 0 60 30 45 0 0 -> 1664994429 29386 29 29 839
162 1664994429 29386 29 29 839 6 0 60 30 45 0 0 -> 1664994429 29386 28 28 838
163 1664994429 29386 28 28 838 5 0 60 30 45 0 0 -> 1664994429 29386 27 27 837
164 1664994429 29386 27 27 837 4 0 60 30 45 0 0 -> 1664994429 29386 26 26 836
165 1664994429 29386 26 26 836 3 0 60 30 45 0 0 -> 1664994429 29386 25 25 835
166 1664994429 29386 25 25 835 2 0 60 30 45 0 0 -> 1664994429 29386 24 24 834
167 1664994429 29386 24 24 834 1 0 60 30 45 0 0 -> 1664994429 29386 23 23 833
168 1664994429 29386 23 23 833 0 0 60 30 45 0 0 -> 1664994429 29386 22 22 832
169 1664994429 29386 22 22 832 0 0 60 30 45 0 0 -> 1664994429 29386 21 21 831
170 1664994429 29386 21 21 831 0 0 60 30 45 0 0 -> 1664994429 29386 20 20 830
171 1664994429 29386 20 20 830 0 0 60 30 45 0 0 -> 1664994429 29386 19 19 829
172 1664994429 29386 19 19 829 0 0 60 30 45 0 0 -> 1664994429 29386 18 18 828
173 1664994429 29386 18 18 828 0 0 60 30 45 0 0 -> 1664994429 29386 17 17 827
174 1664994429 29386 17 17 827 0 0 60 30 45 0 0 -> 1664994429 29386 16 16 826
175 1664994429 29386 16 16 826 0 0 60 30 45 0 0 -> 1664994429 29386 15 15 825
176 1664994429 29386 15 15 825 0 0 60 30 45 0 0 -> 1664994429 29386 14 14 824
177 1664994429 29386 14 14 824 0 0 60 30 45 0 0 -> 1664994429 29386 13 13 823
178 1664994429 29386 13 13 823 0 0 60 30 45 0 0 -> 1664994429 29386 12 12 822
179 1664994429 29386 12 12 822 0 0 60 30 45 0 0 -> 1664994429 29386 11 11 821
180 1664994429 29386 11 11 821 0 0 60 30 45 0 0 -> 1664994429 29386 10 10 820
181 1664994429 29386 10 10 820 0 0 60 30 45 0 0 -> 1664994429 29386 9 9 819
182 1664994429 29386 9 9 819 0 0 60 30 45 0 0 -> 1664994429 29386 8 8 818
183 1664994429 29386 8 8 818 0 0 60 30 45 0 0 -> 1664994429 29386 7 7 817
184 1664994429 29386 7 7 817 0 0 60 30 45 0 0 -> 1664994429 29386 6 6 816
185 1664994429 29386 6 6 816 0 0 60 30 45 0 0 -> 1664994429 29386 5 5 815
186 1664994429 29386 5 5 815 0 0 60 30 45 0 0 -> 1664994429 29386 4 4 814
187 1664994429 29386 4 4 814 0 0 60 30 45 0 0 -> 1664994429 29386 3 3 813
188 1664994429 29386 3 3 813 0 0 60 30 45 0 0 -> 1664994429 29386 2 2 812
189 1664994429 29386 2 2 812 0 0 60 30 45 0 0 -> 1664994429 29386 1 1 811
190 1664994429 29386 1 1 811 0 0 60 30 45 0 0 -> 3595708355 38050 60 37 810
191 3595708355 38050 60 37 810 0 0 60 30 45 0 0 -> 3595708355 38050 59 36 809
192 3595708355 38050 59 36 809 0 0 60 30 45 0 0 -> 3595708355 38050 58 35 808
193 3595708355 38050 58 35 808 0 0 60 30 45 0 0 -> 3595708355 38050 57 34 807
194 3595708355 38050 57 34 807 0 0 60 30 45 0 0 -> 3595708355 38050 56 33 806
195 3595708355 38050 56 33 806 0 0 60 30 45 0 0 -> 3595708355 38050 55 32 805
196 3595708355 38050 55 32 805 0 0 60 30 45 0 0 -> 3595708355 38050 54 31 804
197 3595708355 38050 54 31 804 0 0 60 30 45 0 0 -> 3595708355 38050 53 30 803
198 3595708355 38050 53 30 803 0 0 60 30 45 0 0 -> 3595708355 38050 52 29 802
199 3595708355 38050 52 29 802 0 0 60 30 45 0 0 -> 3595708355 38050 51 28 801
200 3595708355 38050 51 28 801 0 0 60 30 45 0 0 -> 3595708355 38050 50 27 800
201 3595708355 38050 50 27 800 0 0 60 30 45 0 0 -> 3595708355 38050 49 26 799
202 3595708355 38050 49 26 799 0 0 60 30 45 0 0 -> 3595708355 38050 48 25 798
203 3595708355 38050 48 25 798 0 0 60 30 45 0 0 -> 3595708355 38050 47 24 797
204 3595708355 38050 47 24 797 0 0 60 30 45 0 0 -> 3595708355 38050 46 23 796
205 3595708355 38050 46 23 796 0 0 60 30 45 0 0 -> 3595708355 38050 45 22 795
206 3595708355 38050 45 22 795 0 0 60 30 45 0 0 -> 3595708355 38050 44 21 794
207 3595708355 38050 44 21 794 0 0 60 30 45 0 0 -> 3595708355 38050 43 20 793
208 3595708355 38050 43 20 793 0 0 60 30 45 0 0 -> 3595708355 38050 42 19 792
209 3595708355 38050 42 19 792 0 0 60 30 45 0 0 -> 3595708355 38050 41 18 791
210 3595708355 38050 41 18 791 0 0 60 30 45 0 0 -> 3595708355 38050 40 17 790
211 3595708355 38050 40 17 790 0 0 60 30 45 0 0 -> 3595708355 38050 39 16 789
212 3595708355 38050 39 16 789 0 0 60 30 45 0 0 -> 3595708355 38050 38 15 788
213 3595708355 38050 38 15 788 0 0 60 30 45 0 0 -> 3595708355 38050 37 14 787
214 3595708355 38050 37 14 787 0 0 60 30 45 0 0 -> 3595708355 38050 36 13 786
215 3595708355 38050 36 13 786 0 0 60 30 45 0 0 -> 3595708355 38050 35 12 785
216 3595708355 38050 35 12 785 0 0 60 30 45 0 0 -> 3595708355 38050 34 11 784
217 3595708355 38050 34 11 784 0 0 60 30 45 0 0 -> 3595708355 38050 33 10 783
218 3595708355 38050 33 10 783 0 0 60 30 45 0 0 -> 3595708355 38050 32 9 782
219 3595708355 38050 32 9 782 0 0 60 30 45 0 0 -> 3595708355 38050 31 8 781
220 3595708355 38050 31 8 781 0 0 60 30 45 0 0 -> 3595708355 38050 30 7 780
221 3595708355 38050 30 7 780 0 0 60 30 45 0 0 -> 3595708355 38050 29 6 779
222 3595708355 38050 29 6 779 0 0 60 30 45 0 0 -> 3595708355 38050 28 5 778
223 3595708355 38050 28 5 778 0 0 60 30 45 0 0 -> 3595708355 38050 27 4 777
224 3595708355 38050 27 4 777 0 0 60 30 45 0 0 -> 3595708355 38050 26 3 776
225 3595708355 38050 26 3 776 0 0 60 30 45 0 0 -> 3595708355 38050 25 2 775
226 3595708355 38050 25 2 775 0 0 60 30 45 0 0 -> 3595708355 38050 24 1 774
227 3595708355 38050 24 1 774 0 0 60 30 45 0 0 -> 2364180544 19025 23 40 773
228 2364180544 19025 23 40 773 0 0 60 30 45 0 0 -> 2364180544 19025 22 39 772
229 2364180544 19025 22 39 772 0 0 60 30 45 0 0 -> 2364180544 19025 21 38 771
230 2364180544 19025 21 38 771 0 0 60 30 45 0 0 -> 2364180544 19025 20 37 770
231 2364180544 19025 20 37 770 0 0 60 30 45 0 0 -> 2364180544 19025 19 36 769
232 2364180544 19025 19 36 769 0 0 60 30 45 0 0 -> 2364180544 19025 18 35 768
233 2364180544 19025 18 35 768 0 0 60 30 45 0 0 -> 2364180544 19025 17 34 767
234 2364180544 19025 17 34 767 0 0 60 30 45 0 0 -> 2364180544 19025 16 33 766
235 2364180544 19025 16 33 766 0 0 60 30 45 0 0 -> 2364180544 19025 15 32 765
236 2364180544 19025 15 32 765 0 0 60 30 45 0 0 -> 2364180544 19025 14 31 764
237 2364180544 19025 14 31 764 0 0 60 30 45 0 0 -> 2364180544 19025 13 30 763
238 2364180544 19025 13 30 763 0 0 60 30 45 0 0 -> 2364180544 19025 12 29 762
239 2364180544 19025 12 29 762 0 0 60 30 45 0 0 -> 2364180544 19025 11 28 761
240 2364180544 19025 11 28 761 0 0 60 30 45 0 0 -> 2364180544 19025 10 27 760
241 2364180544 19025 10 27 760 0 0 60 30 45 0 0 -> 2364180544 19025 9 26 759
242 2364180544 19025 9 26 759 0 0 60 30 45 0 0 -> 2364180544 19025 8 25 758
243 2364180544 19025 8 25 758 0 0 60 30 45 0 0 -> 2364180544 19025 7 24 757
244 2364180544 19025 7 24 757 0 0 60 30 45 0 0 -> 2364180544 19025 6 23 756
245 2364180544 19025 6 23 756 0 0 60 30 45 0 0 -> 2364180544 19025 5 22 755
246 2364180544 19025 5 22 755 0 0 60 30 45 0 0 -> 2364180544 19025 4 21 754
247 2364180544 19025 4 21 754 0 0 60 30 45 0 0 -> 2364180544 19025 3 20 753
248 2364180544 19025 3 20 753 0 0 60 30 45 0 0 -> 2364180544 19025 2 19 752
249 2364180544 19025 2 19 752 0 0 60 30 45 0 0 -> 2364180544 19025 1 18 751
250 2364180544 19025 1 18 751 0 0 60 30 45 0 0 -> 383759225 44344 60 17 750
251 383759225 44344 60 17 750 0 0 60 30 45 0 0 -> 383759225 44344 59 16 749
252 383759225 44344 59 16 749 0 0 60 30 45 0 0 -> 383759225 44344 58 15 748
253 383759225 44344 58 15 748 0 0 60 30 45 0 0 -> 383759225 44344 57 14 747
254 383759225 44344 57 14 747 0 0 60 30 45 0 0 -> 383759225 44344 56 13 746
255 383759225 44344 56 13 746 0 0 60 30 45 0 0 -> 383759225 44344 55 12 745
256 383759225 44344 55 12 745 0 0 60 30 45 0 0 -> 383759225 44344 54 11 744
257 383759225 44344 54 11 744 0 0 60 30 45 0 0 -> 383759225 44344 53 10 743
258 383759225 44344 53 10 743 0 0 60 30 45 0 0 -> 383759225 44344 52 9 742
259 383759225 44344 52 9 742 0 0 60 30 45 0 0 -> 383759225 44344 51 8 741
260 383759225 44344 51 8 741 0 0 60 30 45 0 0 -> 383759225 44344 50 7 740
261 383759225 44344 50 7 740 0 0 60 30 45 0 0 -> 383759225 44344 49 6 739
262 383759225 44344 49 6 739 0 0 60 30 45 0 0 -> 383759225 44344 48 5 738
263 383759225 44344 48 5 738 0 0 60 30 45 0 0 -> 383759225 44344 47 4 737
264 383759225 44344 47 4 737 0 0 60 30 45 0 0 -> 383759225 44344 46 3 736
265 383759225 44344 46 3 736 0 0 60 30 45 0 0 -> 383759225 44344 45 2 735
266 383759225 44344 45 2 735 0 0 60 30 45 0 0 -> 383759225 44344 44 1 734
267 383759225 44344 44 1 734 0 0 60 30 45 0 0 -> 1854175422 22172 43 37 733
268 1854175422 22172 43 37 733 0 0 60 30 45 0 0 -> 1854175422 22172 42 36 732
269 1854175422 22172 42 36 732 0 0 60 30 45 0 0 -> 1854175422 22172 41 35 731
270 1854175422 22172 41 35 731 0 0 60 30 45 0 0 -> 1854175422 22172 40 34 730
271 1854175422 22172 40 34 730 0 0 60 30 45 0 0 -> 1854175422 22172 39 33 729
272 1854175422 22172 39 33 729 0 0 60 30 45 0 0 -> 1854175422 22172 38 32 728
273 1854175422 22172 38 32 728 0 0 60 30 45 0 0 -> 1854175422 22172 37 31 727
274 1854175422 22172 37 31 727 0 0 60 30 45 0 0 -> 1854175422 22172 36 30 726
275 1854175422 22172 36 30 726 0 0 60 30 45 0 0 -> 1854175422 22172 35 29 725
276 1854175422 22172 35 29 725 0 0 60 30 45 0 0 -> 1854175422 22172 34 28 724
277 1854175422 22172 34 28 724 0 0 60 30 45 0 0 -> 1854175422 22172 33 27 723
278 1854175422 22172 33 27 723 0 0 60 30 45 0 0 -> 1854175422 22172 32 26 722
279 1854175422 22172 32 26 722 0 0 60 30 45 0 0 -> 1854175422 22172 31 25 721
280 1854175422 22172 31 25 721 0 0 60 30 45 0 0 -> 1854175422 22172 30 24 720
281 1854175422 22172 30 24 720 0 0 60 30 45 0 0 -> 1854175422 22172 29 23 719
282 1854175422 22172 29 23 719 0 0 60 30 45 0 0 -> 1854175422 22172 28 22 718
283 1854175422 22172 28 22 718 0 0 60 30 45 0 0 -> 1854175422 22172 27 21 717
284 1854175422 22172 27 21 717 0 0 60 30 45 0 0 -> 1854175422 22172 26 20 716
285 1854175422 22172 26 20 716 0 0 60 30 45 0 0 -> 1854175422 22172 25 19 715
286 1854175422 22172 25 19 715 0 0 60 30 45 0 0 -> 1854175422 22172 24 18 714
287 1854175422 22172 24 18 714 0 0 60 30 45 0 0 -> 1854175422 22172 23 17 713
288 1854175422 22172 23 17 713 0 0 60 30 45 0 0 -> 1854175422 22172 22 16 712
289 1854175422 22172 22 16 712 0 0 60 30 45 0 0 -> 1854175422 22172 21 15 711
290 1854175422 22172 21 15 711 0 0 60 30 45 0 0 -> 1854175422 22172 20 14 710
291 1854175422 22172 20 14 710 0 0 60 30 45 0 0 -> 1854175422 22172 19 13 709
292 1854175422 22172 19 13 709 0 0 60 30 45 0 0 -> 1854175422 22172 18 12 708
293 1854175422 22172 18 12 708 0 0 60 30 45 0 0 -> 1854175422 22172 17 11 707
294 1854175422 22172 17 11 707 0 0 60 30 45 0 0 -> 1854175422 22172 16 10 706
295 1854175422 22172 16 10 706 0 0 60 30 45 0 0 -> 1854175422 22172 15 9 705
296 1854175422 22172 15 9 705 0 0 60 30 45 0 0 -> 1854175422 22172 14 8 704
297 1854175422 22172 14 8 704 0 0 60 30 45 0 0 -> 1854175422 22172 13 7 703
298 1854175422 22172 13 7 703 0 0 60 30 45 0 0 -> 1854175422 22172 12 6 702
299 1854175422 22172 12 6 702 0 0 60 30 45 0 0 -> 1854175422 22172 11 5 701
300 1854175422 22172 11 5 701 0 0 60 30 45 0 0 -> 1854175422 22172 10 4 700
301 1854175422 22172 10 4 700 0 0 60 30 45 0 0 -> 1854175422 22172 9 3 699
302 1854175422 22172 9 3 699 0 0 60 30 45 0 0 -> 1854175422 22172 8 2 698
303 1854175422 22172 8 2 698 0 0 60 30 45 0 0 -> 1854175422 22172 7 1 697
304 1854175422 22172 7 1 697 0 0 60 30 45 0 0 -> 203783455 11086 6 36 696
305 203783455 11086 6 36 696 0 0 60 30 45 0 0 -> 203783455 11086 5 35 695
306 203783455 11086 5 35 695 0 0 60 30 45 0 0 -> 203783455 11086 4 34 694
307 203783455 11086 4 34 694 0 0 60 30 45 0 0 -> 203783455 11086 3 33 693
308 203783455 11086 3 33 693 0 0 60 30 45 0 0 -> 203783455 11086 2 32 692
309 203783455 11086 2 32 692 0 0 60 30 45 0 0 -> 203783455 11086 1 31 691
310 203783455 11086 1 31 691 0 0 60 30 45 0 0 -> 1024452716 5543 60 30 690
311 1024452716 5543 60 30 690 0 0 60 30 45 0 0 -> 1024452716 5543 59 29 689
312 1024452716 5543 59 29 689 0 0 60 30 45 0 0 -> 1024452716 5543 58 28 688
313 1024452716 5543 58 28 688 0 0 60 30 45 0 0 -> 1024452716 5543 57 27 687
314 1024452716 5543 57 27 687 0 0 60 30 45 0 0 -> 1024452716 5543 56 26 686
315 1024452716 5543 56 26 686 0 0 60 30 45 0 0 -> 1024452716 5543 55 25 685
316 1024452716 5543 55 25 685 0 0 60 30 45 0 0 -> 1024452716 5543 54 24 684
317 1024452716 5543 54 24 684 0 0 60 30 45 0 0 -> 1024452716 5543 53 23 683
318 1024452716 5543 53 23 683 0 0 60 30 45 0 0 -> 1024452716 5543 52 22 682
319 1024452716 5543 52 22 682 0 0 60 30 45 0 0 -> 1024452716 5543 51 21 681
320 1024452716 5543 51 21 681 0 0 60 30 45 0 0 -> 1024452716 5543 50 20 680
321 1024452716 5543 50 20 680 0 0 60 30 45 0 0 -> 1024452716 5543 49 19 679
322 1024452716 5543 49 19 679 0 0 60 30 45 0 0 -> 1024452716 5543 48 18 678
323 1024452716 5543 48 18 678 0 0 60 30 45 0 0 -> 1024452716 5543 47 17 677
324 1024452716 5543 47 17 677 0 0 60 30 45 0 0 -> 1024452716 5543 46 16 676
325 1024452716 5543 46 16 676 0 0 60 30 45 0 0 -> 1024452716 5543 45 15 675
326 1024452716 5543 45 15 675 0 0 60 30 45 0 0 -> 1024452716 5543 44 14 674
327 1024452716 5543 44 14 674 0 0 60 30 45 0 0 -> 1024452716 5543 43 13 673
328 1024452716 5543 43 13 673 0 0 60 30 45 0 0 -> 1024452716 5543 42 12 672
329 1024452716 5543 42 12 672 0 0 60 30 45 0 0 -> 1024452716 5543 41 11 671
330 1024452716 5543 41 11 671 0 0 60 30 45 0 0 -> 1024452716 5543 40 10 670
331 1024452716 5543 40 10 670 0 0 60 30 45 0 0 -> 1024452716 5543 39 9 669
332 1024452716 5543 39 9 669 0 0 60 30 45 0 0 -> 1024452716 5543 38 8 668
333 1024452716 5543 38 8 668 0 0 60 30 45 0 0 -> 1024452716 5543 37 7 667
334 1024452716 5543 37 7 667 0 0 60 30 45 0 0 -> 1024452716 5543 36 6 666
335 1024452716 5543 36 6 666 0 0 60 30 45 0 0 -> 1024452716 5543 35 5 665
336 1024452716 5543 35 5 665 0 0 60 30 45 0 0 -> 1024452716 5543 34 4 664
337 1024452716 5543 34 4 664 0 0 60 30 45 0 0 -> 1024452716 5543 33 3 663
338 1024452716 5543 33 3 663 0 0 60 30 45 0 0 -> 1024452716 5543 32 2 662
339 1024452716 5543 32 2 662 0 0 60 30 45 0 0 -> 1024452716 5543 31 1 661
340 1024452716 5543 31 1 661 0 0 60 30 45 0 0 -> 136252981 33475 30 35 660
341 136252981 33475 30 35 660 0 0 60 30 45 0 0 -> 136252981 33475 29 34 659
342 136252981 33475 29 34 659 0 0 60 30 45 0 0 -> 136252981 33475 28 33 658
343 136252981 33475 28 33 658 0 0 60 30 45 0 0 -> 136252981 33475 27 32 657
344 136252981 33475 27 32 657 0 0 60 30 45 0 0 -> 136252981 33475 26 31 656
345 136252981 33475 26 31 656 0 0 60 30 45 0 0 -> 136252981 33475 25 30 655
346 136252981 33475 25 30 655 0 0 60 30 45 0 0 -> 136252981 33475 24 29 654
347 136252981 33475 24 29 654 0 0 60 30 45 0 0 -> 136252981 33475 23 28 653
348 136252981 33475 23 28 653 0 0 60 30 45 0 0 -> 136252981 33475 22 27 652
349 136252981 33475 22 27 652 0 0 60 30 45 0 0 -> 136252981 33475 21 26 651
350 136252981 33475 21 26 651 0 0 60 30 45 0 0 -> 136252981 33475 20 25 650
351 136252981 33475 20 25 650 0 0 60 30 45 0 0 -> 136252981 33475 19 24 649
352 136252981 33475 19 24 649 0 0 60 30 45 0 0 -> 136252981 33475 18 23 648
353 136252981 33475 18 23 648 0 0 60 30 45 0 0 -> 136252981 33475 17 22 647
354 136252981 33475 17 22 647 0 0 60 30 45 0 0 -> 136252981 33475 16 21 646
355 136252981 33475 16 21 646 0 0 60 30 45 0 0 -> 136252981 33475 15 20 645
356 136252981 33475 15 20 645 0 0 60 30 45 0 0 -> 136252981 33475 14 19 644
357 136252981 33475 14 19 644 0 0 60 30 45 0 0 -> 136252981 33475 13 18 643
358 136252981 33475 13 18 643 0 0 60 30 45 0 0 -> 136252981 33475 12 17 642
359 136252981 33475 12 17 642 0 0 60 30 45 0 0 -> 136252981 33475 11 16 641
360 136252981 33475 11 16 641 0 0 60 30 45 0 0 -> 136252981 33475 10 15 640
361 136252981 33475 10 15 640 0 0 60 30 45 0 0 -> 136252981 33475 9 14 639
362 136252981 33475 9 14 639 0 0 60 30 45 0 0 -> 136252981 33475 8 13 638
363 136252981 33475 8 13 638 0 0 60 30 45 0 0 -> 136252981 33475 7 12 637
364 136252981 33475 7 12 637 0 0 60 30 45 0 0 -> 136252981 33475 6 11 636
365 136252981 33475 6 11 636 0 0 60 30 45 0 0 -> 136252981 33475 5 10 635
366 136252981 33475 5 10 635 0 0 60 30 45 0 0 -> 136252981 33475 4 9 634
367 136252981 33475 4 9 634 0 0 60 30 45 0 0 -> 136252981 33475 3 8 633
368 136252981 33475 3 8 633 0 0 60 30 45 0 0 -> 136252981 33475 2 7 632
369 136252981 33475 2 7 632 0 0 60 30 45 0 0 -> 136252981 33475 1 6 631
370 136252981 33475 1 6 631 0 0 60 30 45 0 0 -> 1569415882 51569 60 5 630
371 1569415882 51569 60 5 630 0 0 60 30 45 0 0 -> 1569415882 51569 59 4 629
372 1569415882 51569 59 4 629 0 0 60 30 45 0 0 -> 1569415882 51569 58 3 628
373 1569415882 51569 58 3 628 0 0 60 30 45 0 0 -> 1569415882 51569 57 2 627
374 1569415882 51569 57 2 627 0 0 60 30 45 0 0 -> 1569415882 51569 56 1 626
375 1569415882 51569 56 1 626 0 0 60 30 45 0 0 -> 4272868411 60584 55 40 625
376 4272868411 60584 55 40 625 0 0 60 30 45 0 0 -> 4272868411 60584 54 39 624
377 4272868411 60584 54 39 624 0 0 60 30 45 0 0 -> 4272868411 60584 53 38 623
378 4272868411 60584 53 38 623 0 0 60 30 45 0 0 -> 4272868411 60584 52 37 622
379 4272868411 60584 52 37 622 0 0 60 30 45 0 0 -> 4272868411 60584 51 36 621
380 4272868411 60584 51 36 621 0 0 60 30 45 0 0 -> 4272868411 60584 50 35 620
381 4272868411 60584 50 35 620 0 0 60 30 45 0 0 -> 4272868411 60584 49 34 619
382 4272868411 60584 49 34 619 0 0 60 30 45 0 0 -> 4272868411 60584 48 33 618
383 4272868411 60584 48 33 618 0 0 60 30 45 0 0 -> 4272868411 60584 47 32 617
384 4272868411 60584 47 32 617 0 0 60 30 45 0 0 -> 4272868411 60584 46 31 616
385 4272868411 60584 46 31 616 0 0 60 30 45 0 0 -> 4272868411 60584 45 30 615
386 4272868411 60584 45 30 615 0 0 60 30 45 0 0 -> 4272868411 60584 44 29 614
387 4272868411 60584 44 29 614 0 0 60 30 45 0 0 -> 4272868411 60584 43 28 613
388 4272868411 60584 43 28 613 0 0 60 30 45 0 0 -> 4272868411 60584 42 27 612
389 4272868411 60584 42 27 612 0 0 60 30 45 0 0 -> 4272868411 60584 41 26 611
390 4272868411 60584 41 26 611 0 0 60 30 45 0 0 -> 4272868411 60584 40 25 610
391 4272868411 60584 40 25 610 0 0 60 30 45 0 0 -> 4272868411 60584 39 24 609
392 4272868411 60584 39 24 609 0 0 60 30 45 0 0 -> 4272868411 60584 38 23 608
393 4272868411 60584 38 23 608 0 0 60 30 45 0 0 -> 4272868411 60584 37 22 607
394 4272868411 60584 37 22 607 0 0 60 30 45 0 0 -> 4272868411 60584 36 21 606
395 4272868411 60584 36 21 606 0 0 60 30 45 0 0 -> 4272868411 60584 35 20 605
396 4272868411 60584 35 20 605 0 0 60 30 45 0 0 -> 4272868411 60584 34 19 604
397 4272868411 60584 34 19 604 0 0 60 30 45 0 0 -> 4272868411 60584 33 18 603
398 4272868411 60584 33 18 603 0 0 60 30 45 0 0 -> 4272868411 60584 32 17 602
399 4272868411 60584 32 17 602 0 0 60 30 45 0 0 -> 4272868411 60584 31 16 601
400 4272868411 60584 31 16 601 0 0 60 30 45 0 0 -> 4272868411 60584 30 15 600
401 4272868411 60584 30 15 600 0 0 60 30 45 0 0 -> 4272868411 60584 29 14 599
402 4272868411 60584 29 14 599 0 0 60 30 45 0 0 -> 4272868411 60584 28 13 598
403 4272868411 60584 28 13 598 0 0 60 30 45 0 0 -> 4272868411 60584 27 12 597
404 4272868411 60584 27 12 597 0 0 60 30 45 0 0 -> 4272868411 60584 26 11 596
405 4272868411 60584 26 11 596 0 0 60 30 45 0 0 -> 4272868411 60584 25 10 595
406 4272868411 60584 25 10 595 0 0 60 30 45 0 0 -> 4272868411 60584 24 9 594
407 4272868411 60584 24 9 594 0 0 60 30 45 0 0 -> 4272868411 60584 23 8 593
408 4272868411 60584 23 8 593 0 0 60 30 45 0 0 -> 4272868411 60584 22 7 592
409 4272868411 60584 22 7 592 0 0 60 30 45 0 0 -> 4272868411 60584 21 6 591
410 4272868411 60584 21 6 591 0 0 60 30 45 0 0 -> 4272868411 60584 20 5 590
411 4272868411 60584 20 5 590 0 0 60 30 45 0 0 -> 4272868411 60584 19 4 589
412 4272868411 60584 19 4 589 0 0 60 30 45 0 0 -> 4272868411 60584 18 3 588
413 4272868411 60584 18 3 588 0 0 60 30 45 0 0 -> 4272868411 60584 17 2 587
414 4272868411 60584 17 2 587 0 0 60 30 45 0 0 -> 4272868411 60584 16 1 586
415 4272868411 60584 16 1 586 0 0 60 30 45 0 0 -> 2739478360 30292 15 39 585
416 2739478360 30292 15 39 585 0 0 60 30 45 0 0 -> 2739478360 30292 14 38 584
417 2739478360 30292 14 38 584 0 0 60 30 45 0 0 -> 2739478360 30292 13 37 583
418 2739478360 30292 13 37 583 0 0 60 30 45 0 0 -> 2739478360 30292 12 36 582
419 2739478360 30292 12 36 582 0 0 60 30 45 0 0 -> 2739478360 30292 11 35 581
420 2739478360 30292 11 35 581 0 0 60 30 45 0 0 -> 2739478360 30292 10 34 580
421 2739478360 30292 10 34 580 0 0 60 30 45 0 0 -> 2739478360 30292 9 33 579
422 2739478360 30292 9 33 579 0 0 60 30 45 0 0 -> 2739478360 30292 8 32 578
423 2739478360 30292 8 32 578 0 0 60 30 45 0 0 -> 2739478360 30292 7 31 577
424 2739478360 30292 7 31 577 0 0 60 30 45 0 0 -> 2739478360 30292 6 30 576
425 2739478360 30292 6 30 576 0 0 60 30 45 0 0 -> 2739478360 30292 5 29 575
426 2739478360 30292 5 29 575 0 0 60 30 45 0 0 -> 2739478360 30292 4 28 574
427 2739478360 30292 4 28 574 0 0 60 30 45 0 0 -> 2739478360 30292 3 27 573
428 2739478360 30292 3 27 573 0 0 60 30 45 0 0 -> 2739478360 30292 2 26 572
429 2739478360 30292 2 26 572 0 0 60 30 45 0 0 -> 2739478360 30292 1 25 571
430 2739478360 30292 1 25 571 0 0 60 30 45 0 0 -> 1673484465 15146 60 24 570
431 1673484465 15146 60 24 570 0 0 60 30 45 0 0 -> 1673484465 15146 59 23 569
432 1673484465 15146 59 23 569 0 0 60 30 45 0 0 -> 1673484465 15146 58 22 568
433 1673484465 15146 58 22 568 0 0 60 30 45 0 0 -> 1673484465 15146 57 21 567
434 1673484465 15146 57 21 567 0 0 60 30 45 0 0 -> 1673484465 15146 56 20 566
435 1673484465 15146 56 20 566 0 0 60 30 45 0 0 -> 1673484465 15146 55 19 565
436 1673484465 15146 55 19 565 0 0 60 30 45 0 0 -> 1673484465 15146 54 18 564
437 1673484465 15146 54 18 564 0 0 60 30 45 0 0 -> 1673484465 15146 53 17 563
438 1673484465 15146 53 17 563 0 0 60 30 45 0 0 -> 1673484465 15146 52 16 562
439 1673484465 15146 52 16 562 0 0 60 30 45 0 0 -> 1673484465 15146 51 15 561
440 1673484465 15146 51 15 561 0 0 60 30 45 0 0 -> 1673484465 15146 50 14 560
441 1673484465 15146 50 14 560 0 0 60 30 45 0 0 -> 1673484465 15146 49 13 559
442 1673484465 15146 49 13 559 0 0 60 30 45 0 0 -> 1673484465 15146 48 12 558
443 1673484465 15146 48 12 558 0 0 60 30 45 0 0 -> 1673484465 15146 47 11 557
444 1673484465 15146 47 11 557 0 0 60 30 45 0 0 -> 1673484465 15146 46 10 556
445 1673484465 15146 46 10 556 0 0 60 30 45 0 0 -> 1673484465 15146 45 9 555
446 1673484465 15146 45 9 555 0 0 60 30 45 0 0 -> 1673484465 15146 44 8 554
447 1673484465 15146 44 8 554 0 0 60 30 45 0 0 -> 1673484465 15146 43 7 553
448 1673484465 15146 43 7 553 0 0 60 30 45 0 0 -> 1673484465 15146 42 6 552
449 1673484465 15146 42 6 552 0 0 60 30 45 0 0 -> 1673484465 15146 41 5 551
450 1673484465 15146 41 5 551 0 0 60 30 45 0 0 -> 1673484465 15146 40 4 550
451 1673484465 15146 40 4 550 0 0 60 30 45 0 0 -> 1673484465 15146 39 3 549
452 1673484465 15146 39 3 549 0 0 60 30 45 0 0 -> 1673484465 15146 38 2 548
453 1673484465 15146 38 2 548 0 0 60 30 45 0 0 -> 1673484465 15146 37 1 547
454 1673484465 15146 37 1 547 0 0 60 30 45 0 0 -> 1332011414 7573 36 31 546
455 1332011414 7573 36 31 546 0 0 60 30 45 0 0 -> 1332011414 7573 35 30 545
456 1332011414 7573 35 30 545 0 0 60 30 45 0 0 -> 1332011414 7573 34 29 544
457 1332011414 7573 34 29 544 0 0 60 30 45 0 0 -> 1332011414 7573 33 28 543
458 1332011414 7573 33 28 543 0 0 60 30 45 0 0 -> 1332011414 7573 32 27 542
459 1332011414 7573 32 27 542 0 0 60 30 45 0 0 -> 1332011414 7573 31 26 541
460 1332011414 7573 31 26 541 0 0 60 30 45 0 0 -> 1332011414 7573 30 25 540
461 1332011414 7573 30 25 540 0 0 60 30 45 0 0 -> 1332011414 7573 29 24 539
462 1332011414 7573 29 24 539 0 0 60 30 45 0 0 -> 1332011414 7573 28 23 538
463 1332011414 7573 28 23 538 0 0 60 30 45 0 0 -> 1332011414 7573 27 22 537
464 1332011414 7573 27 22 537 0 0 60 30 45 0 0 -> 1332011414 7573 26 21 536
465 1332011414 7573 26 21 536 0 0 60 30 45 0 0 -> 1332011414 7573 25 20 535
466 1332011414 7573 25 20 535 0 0 60 30 45 0 0 -> 1332011414 7573 24 19 534
467 1332011414 7573 24 19 534 0 0 60 30 45 0 0 -> 1332011414 7573 23 18 533
468 1332011414 7573 23 18 533 0 0 60 30 45 0 0 -> 1332011414 7573 22 17 532
469 1332011414 7573 22 17 532 0 0 60 30 45 0 0 -> 1332011414 7573 21 16 531
470 1332011414 7573 21 16 531 0 0 60 30 45 0 0 -> 1332011414 7573 20 15 530
471 1332011414 7573 20 15 530 0 0 60 30 45 0 0 -> 1332011414 7573 19 14 529
472 1332011414 7573 19 14 529 0 0 60 30 45 0 0 -> 1332011414 7573 18 13 528
473 1332011414 7573 18 13 528 0 0 60 30 45 0 0 -> 1332011414 7573 17 12 527
474 1332011414 7573 17 12 527 0 0 60 30 45 0 0 -> 1332011414 7573 16 11 526
475 1332011414 7573 16 11 526 0 0 60 30 45 0 0 -> 1332011414 7573 15 10 525
476 1332011414 7573 15 10 525 0 0 60 30 45 0 0 -> 1332011414 7573 14 9 524
477 1332011414 7573 14 9 524 0 0 60 30 45 0 0 -> 1332011414 7573 13 8 523
478 1332011414 7573 13 8 523 0 0 60 30 45 0 0 -> 1332011414 7573 12 7 522
479 1332011414 7573 12 7 522 0 0 60 30 45 0 0 -> 1332011414 7573 11 6 521
480 1332011414 7573 11 6 521 0 0 60 30 45 0 0 -> 1332011414 7573 10 5 520
481 1332011414 7573 10 5 520 0 0 60 30 45 0 0 -> 1332011414 7573 9 4 519
482 1332011414 7573 9 4 519 0 0 60 30 45 0 0 -> 1332011414 7573 8 3 518
483 1332011414 7573 8 3 518 0 0 60 30 45 0 0 -> 1332011414 7573 7 2 517
484 1332011414 7573 7 2 517 0 0 60 30 45 0 0 -> 1332011414 7573 6 1 516
485 1332011414 7573 6 1 516 0 0 60 30 45 0 0 -> 448000279 34522 5 44 515
486 448000279 34522 5 44 515 0 0 60 30 45 0 0 -> 448000279 34522 4 43 514
487 448000279 34522 4 43 514 0 0 60 30 45 0 0 -> 448000279 34522 3 42 513
488 448000279 34522 3 42 513 0 0 60 30 45 0 0 -> 448000279 34522 2 41 512
489 448000279 34522 2 41 512 0 0 60 30 45 0 0 -> 448000279 34522 1 40 511
490 448000279 34522 1 40 511 0 0 60 30 45 0 0 -> 2161957124 17261 60 39 510
491 2161957124 17261 60 39 510 0 0 60 30 45 0 0 -> 2161957124 17261 59 38 509
492 2161957124 17261 59 38 509 0 0 60 30 45 0 0 -> 2161957124 17261 58 37 508
493 2161957124 17261 58 37 508 0 0 60 30 45 0 0 -> 2161957124 17261 57 36 507
494 2161957124 17261 57 36 507 0 0 60 30 45 0 0 -> 2161957124 17261 56 35 506
495 2161957124 17261 56 35 506 0 0 60 30 45 0 0 -> 2161957124 17261 55 34 505
496 2161957124 17261 55 34 505 0 0 60 30 45 0 0 -> 2161957124 17261 54 33 504
497 2161957124 17261 54 33 504 0 0 60 30 45 0 0 -> 2161957124 17261 53 32 503
498 2161957124 17261 53 32 503 0 0 60 30 45 0 0 -> 2161957124 17261 52 31 502
499 2161957124 17261 52 31 502 0 0 60 30 45 0 0 -> 2161957124 17261 51 30 501
500 2161957124 17261 51 30 501 0 0 60 30 45 0 0 -> 2161957124 17261 50 29 500
501 2161957124 17261 50 29 500 0 0 60 30 45 0 0 -> 2161957124 17261 49 28 499
502 2161957124 17261 49 28 499 0 0 60 30 45 0 0 -> 2161957124 17261 48 27 498
503 2161957124 17261 48 27 498 0 0 60 30 45 0 0 -> 2161957124 17261 47 26 497
504 2161957124 17261 47 26 497 0 0 60 30 45 0 0 -> 2161957124 17261 46 25 496
505 2161957124 17261 46 25 496 0 0 60 30 45 0 0 -> 2161957124 17261 45 24 495
506 2161957124 17261 45 24 495 0 0 60 30 45 0 0 -> 2161957124 17261 44 23 494
507 2161957124 17261 44 23 494 0 0 60 30 45 0 0 -> 2161957124 17261 43 22 493
508 2161957124 17261 43 22 493 0 0 60 30 45 0 0 -> 2161957124 17261 42 21 492
509 2161957124 17261 42 21 492 0 0 60 30 45 0 0 -> 2161957124 17261 41 20 491
510 2161957124 17261 41 20 491 0 0 60 30 45 0 0 -> 2161957124 17261 40 19 490
511 2161957124 17261 40 19 490 0 0 60 30 45 0 0 -> 2161957124 17261 39 18 489
512 2161957124 17261 39 18 489 0 0 60 30 45 0 0 -> 2161957124 17261 38 17 488
513 2161957124 17261 38 17 488 0 0 60 30 45 0 0 -> 2161957124 17261 37 16 487
514 2161957124 17261 37 16 487 0 0 60 30 45 0 0 -> 2161957124 17261 36 15 486
515 2161957124 17261 36 15 486 0 0 60 30 45 0 0 -> 2161957124 17261 35 14 485
516 2161957124 17261 35 14 485 0 0 60 30 45 0 0 -> 2161957124 17261 34 13 484
517 2161957124 17261 34 13 484 0 0 60 30 45 0 0 -> 2161957124 17261 33 12 483
518 2161957124 17261 33 12 483 0 0 60 30 45 0 0 -> 2161957124 17261 32 11 482
519 2161957124 17261 32 11 482 0 0 60 30 45 0 0 -> 2161957124 17261 31 10 481
520 2161957124 17261 31 10 481 0 0 60 30 45 0 0 -> 2161957124 17261 30 9 480
521 2161957124 17261 30 9 480 0 0 60 30 45 0 0 -> 2161957124 17261 29 8 479
522 2161957124 17261 29 8 479 0 0 60 30 45 0 0 -> 2161957124 17261 28 7 478
523 2161957124 17261 28 7 478 0 0 60 30 45 0 0 -> 2161957124 17261 27 6 477
524 2161957124 17261 27 6 477 0 0 60 30 45 0 0 -> 2161957124 17261 26 5 476
525 2161957124 17261 26 5 476 0 0 60 30 45 0 0 -> 2161957124 17261 25 4 475
526 2161957124 17261 25 4 475 0 0 60 30 45 0 0 -> 2161957124 17261 24 3 474
527 2161957124 17261 24 3 474 0 0 60 30 45 0 0 -> 2161957124 17261 23 2 473
528 2161957124 17261 23 2 473 0 0 60 30 45 0 0 -> 2161957124 17261 22 1 472
529 2161957124 17261 22 1 472 0 0 60 30 45 0 0 -> 88067821 43430 21 32 471
530 88067821 43430 21 32 471 0 0 60 30 45 0 0 -> 88067821 43430 20 31 470
531 88067821 43430 20 31 470 0 0 60 30 45 0 0 -> 88067821 43430 19 30 469
532 88067821 43430 19 30 469 0 0 60 30 45 0 0 -> 88067821 43430 18 29 468
533 88067821 43430 18 29 468 0 0 60 30 45 0 0 -> 88067821 43430 17 28 467
534 88067821 43430 17 28 467 0 0 60 30 45 0 0 -> 88067821 43430 16 27 466
535 88067821 43430 16 27 466 0 0 60 30 45 0 0 -> 88067821 43430 15 26 465
536 88067821 43430 15 26 465 0 0 60 30 45 0 0 -> 88067821 43430 14 25 464
537 88067821 43430 14 25 464 0 0 60 30 45 0 0 -> 88067821 43430 13 24 463
538 88067821 43430 13 24 463 0 0 60 30 45 0 0 -> 88067821 43430 12 23 462
539 88067821 43430 12 23 462 0 0 60 30 45 0 0 -> 88067821 43430 11 22 461
540 88067821 43430 11 22 461 0 0 60 30 45 0 0 -> 88067821 43430 10 21 460
541 88067821 43430 10 21 460 0 0 60 30 45 0 0 -> 88067821 43430 9 20 459
542 88067821 43430 9 20 459 0 0 60 30 45 0 0 -> 88067821 43430 8 19 458
543 88067821 43430 8 19 458 0 0 60 30 45 0 0 -> 88067821 43430 7 18 457
544 88067821 43430 7 18 457 0 0 60 30 45 0 0 -> 88067821 43430 6 17 456
545 88067821 43430 6 17 456 0 0 60 30 45 0 0 -> 88067821 43430 5 16 455
546 88067821 43430 5 16 455 0 0 60 30 45 0 0 -> 88067821 43430 4 15 454
547 88067821 43430 4 15 454 0 0 60 30 45 0 0 -> 88067821 43430 3 14 453
548 88067821 43430 3 14 453 0 0 60 30 45 0 0 -> 88067821 43430 2 13 452
549 88067821 43430 2 13 452 0 0 60 30 45 0 0 -> 88067821 43430 1 12 451
550 88067821 43430 1 12 451 0 0 60 30 45 0 0 -> 3850731810 21715 60 11 450
551 3850731810 21715 60 11 450 0 0 60 30 45 0 0 -> 3850731810 21715 59 10 449
552 3850731810 21715 59 10 449 0 0 60 30 45 0 0 -> 3850731810 21715 58 9 448
553 3850731810 21715 58 9 448 0 0 60 30 45 0 0 -> 3850731810 21715 57 8 447
554 3850731810 21715 57 8 447 0 0 60 30 45 0 0 -> 3850731810 21715 56 7 446
555 3850731810 21715 56 7 446 0 0 60 30 45 0 0 -> 3850731810 21715 55 6 445
556 3850731810 21715 55 6 445 0 0 60 30 45 0 0 -> 3850731810 21715 54 5 444
557 3850731810 21715 54 5 444 0 0 60 30 45 0 0 -> 3850731810 21715 53 4 443
558 3850731810 21715 53 4 443 0 0 60 30 45 0 0 -> 3850731810 21715 52 3 442
559 3850731810 21715 52 3 442 0 0 60 30 45 0 0 -> 3850731810 21715 51 2 441
560 3850731810 21715 51 2 441 0 0 60 30 45 0 0 -> 3850731810 21715 50 1 440
561 3850731810 21715 50 1 440 0 0 60 30 45 0 0 -> 3917252531 41593 49 31 439
562 3917252531 41593 49 31 439 0 0 60 30 45 0 0 -> 3917252531 41593 48 30 438
563 3917252531 41593 48 30 438 0 0 60 30 45 0 0 -> 3917252531 41593 47 29 437
564 3917252531 41593 47 29 437 0 0 60 30 45 0 0 -> 3917252531 41593 46 28 436
565 3917252531 41593 46 28 436 0 0 60 30 45 0 0 -> 3917252531 41593 45 27 435
566 3917252531 41593 45 27 435 0 0 60 30 45 0 0 -> 3917252531 41593 44 26 434
567 3917252531 41593 44 26 434 0 0 60 30 45 0 0 -> 3917252531 41593 43 25 433
568 3917252531 41593 43 25 433 0 0 60 30 45 0 0 -> 3917252531 41593 42 24 432
569 3917252531 41593 42 24 432 0 0 60 30 45 0 0 -> 3917252531 41593 41 23 431
570 3917252531 41593 41 23 431 0 0 60 30 45 0 0 -> 3917252531 41593 40 22 430
571 3917252531 41593 40 22 430 0 0 60 30 45 0 0 -> 3917252531 41593 39 21 429
572 3917252531 41593 39 21 429 0 0 60 30 45 0 0 -> 3917252531 41593 38 20 428
573 3917252531 41593 38 20 428 0 0 60 30 45 0 0 -> 3917252531 41593 37 19 427
574 3917252531 41593 37 19 427 0 0 60 30 45 0 0 -> 3917252531 41593 36 18 426
575 3917252531 41593 36 18 426 0 0 60 30 45 0 0 -> 3917252531 41593 35 17 425
576 3917252531 41593 35 17 425 0 0 60 30 45 0 0 -> 3917252531 41593 34 16 424
577 3917252531 41593 34 16 424 0 0 60 30 45 0 0 -> 3917252531 41593 33 15 423
578 3917252531 41593 33 15 423 0 0 60 30 45 0 0 -> 3917252531 41593 32 14 422
579 3917252531 41593 32 14 422 0 0 60 30 45 0 0 -> 3917252531 41593 31 13 421
580 3917252531 41593 31 13 421 0 0 60 30 45 0 0 -> 3917252531 41593 30 12 420
581 3917252531 41593 30 12 420 0 0 60 30 45 0 0 -> 3917252531 41593 29 11 419
582 3917252531 41593 29 11 419 0 0 60 30 45 0 0 -> 3917252531 41593 28 10 418
583 3917252531 41593 28 10 418 0 0 60 30 45 0 0 -> 3917252531 41593 27 9 417
584 3917252531 41593 27 9 417 0 0 60 30 45 0 0 -> 3917252531 41593 26 8 416
585 3917252531 41593 26 8 416 0 0 60 30 45 0 0 -> 3917252531 41593 25 7 415
586 3917252531 41593 25 7 415 0 0 60 30 45 0 0 -> 3917252531 41593 24 6 414
587 3917252531 41593 24 6 414 0 0 60 30 45 0 0 -> 3917252531 41593 23 5 413
588 3917252531 41593 23 5 413 0 0 60 30 45 0 0 -> 3917252531 41593 22 4 412
589 3917252531 41593 22 4 412 0 0 60 30 45 0 0 -> 3917252531 41593 21 3 411
590 3917252531 41593 21 3 411 0 0 60 30 45 0 0 -> 3917252531 41593 20 2 410
591 3917252531 41593 20 2 410 0 0 60 30 45 0 0 -> 3917252531 41593 19 1 409
592 3917252531 41593 19 1 409 0 0 60 30 45 0 0 -> 3268444528 55596 18 33 408
593 3268444528 55596 18 33 408 0 0 60 30 45 0 0 -> 3268444528 55596 17 32 407
594 3268444528 55596 17 32 407 0 0 60 30 45 0 0 -> 3268444528 55596 16 31 406
595 3268444528 55596 16 31 406 0 0 60 30 45 0 0 -> 3268444528 55596 15 30 405
596 3268444528 55596 15 30 405 0 0 60 30 45 0 0 -> 3268444528 55596 14 29 404
597 3268444528 55596 14 29 404 0 0 60 30 45 0 0 -> 3268444528 55596 13 28 403
598 3268444528 55596 13 28 403 0 0 60 30 45 0 0 -> 3268444528 55596 12 27 402
599 3268444528 55596 12 27 402 0 0 60 30 45 0 0 -> 3268444528 55596 11 26 401
600 3268444528 55596 11 26 401 0 0 60 30 45 0 0 -> 3268444528 55596 10 25 400
601 3268444528 55596 10 25 400 0 0 60 30 45 0 0 -> 3268444528 55596 9 24 399
602 3268444528 55596 9 24 399 0 0 60 30 45 0 0 -> 3268444528 55596 8 23 398
603 3268444528 55596 8 23 398 0 0 60 30 45 0 0 -> 3268444528 55596 7 22 397
604 3268444528 55596 7 22 397 0 0 60 30 45 0 0 -> 3268444528 55596 6 21 396
605 3268444528 55596 6 21 396 0 0 60 30 45 0 0 -> 3268444528 55596 5 20 395
606 3268444528 55596 5 20 395 0 0 60 30 45 0 0 -> 3268444528 55596 4 19 394
607 3268444528 55596 4 19 394 0 0 60 30 45 0 0 -> 3268444528 55596 3 18 393
608 3268444528 55596 3 18 393 0 0 60 30 45 0 0 -> 3268444528 55596 2 17 392
609 3268444528 55596 2 17 392 0 0 60 30 45 0 0 -> 3268444528 55596 1 16 391
610 3268444528 55596 1 16 391 0 0 60 30 45 0 0 -> 114781417 27798 60 15 390
611 114781417 27798 60 15 390 0 0 60 30 45 0 0 -> 114781417 27798 59 14 389
612 114781417 27798 59 14 389 0 0 60 30 45 0 0 -> 114781417 27798 58 13 388
613 114781417 27798 58 13 388 0 0 60 30 45 0 0 -> 114781417 27798 57 12 387
614 114781417 27798 57 12 387 0 0 60 30 45 0 0 -> 114781417 27798 56 11 386
615 114781417 27798 56 11 386 0 0 60 30 45 0 0 -> 114781417 27798 55 10 385
616 114781417 27798 55 10 385 0 0 60 30 45 0 0 -> 114781417 27798 54 9 384
617 114781417 27798 54 9 384 0 0 60 30 45 0 0 -> 114781417 27798 53 8 383
618 114781417 27798 53 8 383 0 0 60 30 45 0 0 -> 114781417 27798 52 7 382
619 114781417 27798 52 7 382 0 0 60 30 45 0 0 -> 114781417 27798 51 6 381
620 114781417 27798 51 6 381 0 0 60 30 45 0 0 -> 114781417 27798 50 5 380
621 114781417 27798 50 5 380 0 0 60 30 45 0 0 -> 114781417 27798 49 4 379
622 114781417 27798 49 4 379 0 0 60 30 45 0 0 -> 114781417 27798 48 3 378
623 114781417 27798 48 3 378 0 0 60 30 45 0 0 -> 114781417 27798 47 2 377
624 114781417 27798 47 2 377 0 0 60 30 45 0 0 -> 114781417 27798 46 1 376
625 114781417 27798 46 1 376 0 0 60 30 45 0 0 -> 4062088558 13899 45 38 375
626 4062088558 13899 45 38 375 0 0 60 30 45 0 0 -> 4062088558 13899 44 37 374
627 4062088558 13899 44 37 374 0 0 60 30 45 0 0 -> 4062088558 13899 43 36 373
628 4062088558 13899 43 36 373 0 0 60 30 45 0 0 -> 4062088558 13899 42 35 372
629 4062088558 13899 42 35 372 0 0 60 30 45 0 0 -> 4062088558 13899 41 34 371
630 4062088558 13899 41 34 371 0 0 60 30 45 0 0 -> 4062088558 13899 40 33 370
631 4062088558 13899 40 33 370 0 0 60 30 45 0 0 -> 4062088558 13899 39 32 369
632 4062088558 13899 39 32 369 0 0 60 30 45 0 0 -> 4062088558 13899 38 31 368
633 4062088558 13899 38 31 368 0 0 60 30 45 0 0 -> 4062088558 13899 37 30 367
634 4062088558 13899 37 30 367 0 0 60 30 45 0 0 -> 4062088558 13899 36 29 366
635 4062088558 13899 36 29 366 0 0 60 30 45 0 0 -> 4062088558 13899 35 28 365
636 4062088558 13899 35 28 365 0 0 60 30 45 0 0 -> 4062088558 13899 34 27 364
637 4062088558 13899 34 27 364 0 0 60 30 45 0 0 -> 4062088558 13899 33 26 363
638 4062088558 13899 33 26 363 0 0 60 30 45 0 0 -> 4062088558 13899 32 25 362
639 4062088558 13899 32 25 362 0 0 60 30 45 0 0 -> 4062088558 13899 31 24 361
640 4062088558 13899 31 24 361 0 0 60 30 45 0 0 -> 4062088558 13899 30 23 360
641 4062088558 13899 30 23 360 0 0 60 30 45 0 0 -> 4062088558 13899 29 22 359
642 4062088558 13899 29 22 359 0 0 60 30 45 0 0 -> 4062088558 13899 28 21 358
643 4062088558 13899 28 21 358 0 0 60 30 45 0 0 -> 4062088558 13899 27 20 357
644 4062088558 13899 27 20 357 0 0 60 30 45 0 0 -> 4062088558 13899 26 19 356
645 4062088558 13899 26 19 356 0 0 60 30 45 0 0 -> 4062088558 13899 25 18 355
646 4062088558 13899 25 18 355 0 0 60 30 45 0 0 -> 4062088558 13899 24 17 354
647 4062088558 13899 24 17 354 0 0 60 30 45 0 0 -> 4062088558 13899 23 16 353
648 4062088558 13899 23 16 353 0 0 60 30 45 0 0 -> 4062088558 13899 22 15 352
649 4062088558 13899 22 15 352 0 0 60 30 45 0 0 -> 4062088558 13899 21 14 351
650 4062088558 13899 21 14 351 0 0 60 30 45 0 0 -> 4062088558 13899 20 13 350
651 4062088558 13899 20 13 350 0 0 60 30 45 0 0 -> 4062088558 13899 19 12 349
652 4062088558 13899 19 12 349 0 0 60 30 45 0 0 -> 4062088558 13899 18 11 348
653 4062088558 13899 18 11 348 0 0 60 30 45 0 0 -> 4062088558 13899 17 10 347
654 4062088558 13899 17 10 347 0 0 60 30 45 0 0 -> 4062088558 13899 16 9 346
655 4062088558 13899 16 9 346 0 0 60 30 45 0 0 -> 4062088558 13899 15 8 345
656 4062088558 13899 15 8 345 0 0 60 30 45 0 0 -> 4062088558 13899 14 7 344
657 4062088558 13899 14 7 344 0 0 60 30 45 0 0 -> 4062088558 13899 13 6 343
658 4062088558 13899 13 6 343 0 0 60 30 45 0 0 -> 4062088558 13899 12 5 342
659 4062088558 13899 12 5 342 0 0 60 30 45 0 0 -> 4062088558 13899 11 4 341
660 4062088558 13899 11 4 341 0 0 60 30 45 0 0 -> 4062088558 13899 10 3 340
661 4062088558 13899 10 3 340 0 0 60 30 45 0 0 -> 4062088558 13899 9 2 339
662 4062088558 13899 9 2 339 0 0 60 30 45 0 0 -> 4062088558 13899 8 1 338
663 4062088558 13899 8 1 338 0 0 60 30 45 0 0 -> 3073240079 37685 7 38 337
664 3073240079 37685 7 38 337 0 0 60 30 45 0 0 -> 3073240079 37685 6 37 336
665 3073240079 37685 6 37 336 0 0 60 30 45 0 0 -> 3073240079 37685 5 36 335
666 3073240079 37685 5 36 335 0 0 60 30 45 0 0 -> 3073240079 37685 4 35 334
667 3073240079 37685 4 35 334 0 0 60 30 45 0 0 -> 3073240079 37685 3 34 333
668 3073240079 37685 3 34 333 0 0 60 30 45 0 0 -> 3073240079 37685 2 33 332
669 3073240079 37685 2 33 332 0 0 60 30 45 0 0 -> 3073240079 37685 1 32 331
670 3073240079 37685 1 32 331 0 0 60 30 45 0 0 -> 1595163804 49546 60 31 330
671 1595163804 49546 60 31 330 0 0 60 30 45 0 0 -> 1595163804 49546 59 30 329
672 1595163804 49546 59 30 329 0 0 60 30 45 0 0 -> 1595163804 49546 58 29 328
673 1595163804 49546 58 29 328 0 0 60 30 45 0 0 -> 1595163804 49546 57 28 327
674 1595163804 49546 57 28 327 0 0 60 30 45 0 0 -> 1595163804 49546 56 27 326
675 1595163804 49546 56 27 326 0 0 60 30 45 0 0 -> 1595163804 49546 55 26 325
676 1595163804 49546 55 26 325 0 0 60 30 45 0 0 -> 1595163804 49546 54 25 324
677 1595163804 49546 54 25 324 0 0 60 30 45 0 0 -> 1595163804 49546 53 24 323
678 1595163804 49546 53 24 323 0 0 60 30 45 0 0 -> 1595163804 49546 52 23 322
679 1595163804 49546 52 23 322 0 0 60 30 45 0 0 -> 1595163804 49546 51 22 321
680 1595163804 49546 51 22 321 0 0 60 30 45 0 0 -> 1595163804 49546 50 21 320
681 1595163804 49546 50 21 320 0 0 60 30 45 0 0 -> 1595163804 49546 49 20 319
682 1595163804 49546 49 20 319 0 0 60 30 45 0 0 -> 1595163804 49546 48 19 318
683 1595163804 49546 48 19 318 0 0 60 30 45 0 0 -> 1595163804 49546 47 18 317
684 1595163804 49546 47 18 317 0 0 60 30 45 0 0 -> 1595163804 49546 46 17 316
685 1595163804 49546 46 17 316 0 0 60 30 45 0 0 -> 1595163804 49546 45 16 315
686 1595163804 49546 45 16 315 0 0 60 30 45 0 0 -> 1595163804 49546 44 15 314
687 1595163804 49546 44 15 314 0 0 60 30 45 0 0 -> 1595163804 49546 43 14 313
688 1595163804 49546 43 14 313 0 0 60 30 45 0 0 -> 1595163804 49546 42 13 312
689 1595163804 49546 42 13 312 0 0 60 30 45 0 0 -> 1595163804 49546 41 12 311
690 1595163804 49546 41 12 311 0 0 60 30 45 0 0 -> 1595163804 49546 40 11 310
691 1595163804 49546 40 11 310 0 0 60 30 45 0 0 -> 1595163804 49546 39 10 309
692 1595163804 49546 39 10 309 0 0 60 30 45 0 0 -> 1595163804 49546 38 9 308
693 1595163804 49546 38 9 308 0 0 60 30 45 0 0 -> 1595163804 49546 37 8 307
694 1595163804 49546 37 8 307 0 0 60 30 45 0 0 -> 1595163804 49546 36 7 306
695 1595163804 49546 36 7 306 0 0 60 30 45 0 0 -> 1595163804 49546 35 6 305
696 1595163804 49546 35 6 305 0 0 60 30 45 0 0 -> 1595163804 49546 34 5 304
697 1595163804 49546 34 5 304 0 0 60 30 45 0 0 -> 1595163804 49546 33 4 303
698 1595163804 49546 33 4 303 0 0 60 30 45 0 0 -> 1595163804 49546 32 3 302
699 1595163804 49546 32 3 302 0 0 60 30 45 0 0 -> 1595163804 49546 31 2 301
700 1595163804 49546 31 2 301 0 0 60 30 45 0 0 -> 1595163804 49546 30 1 300
701 1595163804 49546 30 1 300 0 0 60 30 45 0 0 -> 1429270181 24773 29 43 299
702 1429270181 24773 29 43 299 0 0 60 30 45 0 0 -> 1429270181 24773 28 42 298
703 1429270181 24773 28 42 298 0 0 60 30 45 0 0 -> 1429270181 24773 27 41 297
704 1429270181 24773 27 41 297 0 0 60 30 45 0 0 -> 1429270181 24773 26 40 296
705 1429270181 24773 26 40 296 0 0 60 30 45 0 0 -> 1429270181 24773 25 39 295
706 1429270181 24773 25 39 295 0 0 60 30 45 0 0 -> 1429270181 24773 24 38 294
707 1429270181 24773 24 38 294 0 0 60 30 45 0 0 -> 1429270181 24773 23 37 293
708 1429270181 24773 23 37 293 0 0 60 30 45 0 0 -> 1429270181 24773 22 36 292
709 1429270181 24773 22 36 292 0 0 60 30 45 0 0 -> 1429270181 24773 21 35 291
710 1429270181 24773 21 35 291 0 0 60 30 45 0 0 -> 1429270181 24773 20 34 290
711 1429270181 24773 20 34 290 0 0 60 30 45 0 0 -> 1429270181 24773 19 33 289
712 1429270181 24773 19 33 289 0 0 60 30 45 0 0 -> 1429270181 24773 18 32 288
713 1429270181 24773 18 32 288 0 0 60 30 45 0 0 -> 1429270181 24773 17 31 287
714 1429270181 24773 17 31 287 0 0 60 30 45 0 0 -> 1429270181 24773 16 30 286
715 1429270181 24773 16 30 286 0 0 60 30 45 0 0 -> 1429270181 24773 15 29 285
716 1429270181 24773 15 29 285 0 0 60 30 45 0 0 -> 1429270181 24773 14 28 284
717 1429270181 24773 14 28 284 0 0 60 30 45 0 0 -> 1429270181 24773 13 27 283
718 1429270181 24773 13 27 283 0 0 60 30 45 0 0 -> 1429270181 24773 12 26 282
719 1429270181 24773 12 26 282 0 0 60 30 45 0 0 -> 1429270181 24773 11 25 281
720 1429270181 24773 11 25 281 0 0 60 30 45 0 0 -> 1429270181 24773 10 24 280
721 1429270181 24773 10 24 280 0 0 60 30 45 0 0 -> 1429270181 24773 9 23 279
722 1429270181 24773 9 23 279 0 0 60 30 45 0 0 -> 1429270181 24773 8 22 278
723 1429270181 24773 8 22 278 0 0 60 30 45 0 0 -> 1429270181 24773 7 21 277
724 1429270181 24773 7 21 277 0 0 60 30 45 0 0 -> 1429270181 24773 6 20 276
725 1429270181 24773 6 20 276 0 0 60 30 45 0 0 -> 1429270181 24773 5 19 275
726 1429270181 24773 5 19 275 0 0 60 30 45 0 0 -> 1429270181 24773 4 18 274
727 1429270181 24773 4 18 274 0 0 60 30 45 0 0 -> 1429270181 24773 3 17 273
728 1429270181 24773 3 17 273 0 0 60 30 45 0 0 -> 1429270181 24773 2 16 272
729 1429270181 24773 2 16 272 0 0 60 30 45 0 0 -> 1429270181 24773 1 15 271
730 1429270181 24773 1 15 271 0 0 60 30 45 0 0 -> 2804552314 47218 60 14 270
731 2804552314 47218 60 14 270 0 0 60 30 45 0 0 -> 2804552314 47218 59 13 269
732 2804552314 47218 59 13 269 0 0 60 30 45 0 0 -> 2804552314 47218 58 12 268
733 2804552314 47218 58 12 268 0 0 60 30 45 0 0 -> 2804552314 47218 57 11 267
734 2804552314 47218 57 11 267 0 0 60 30 45 0 0 -> 2804552314 47218 56 10 266
735 2804552314 47218 56 10 266 0 0 60 30 45 0 0 -> 2804552314 47218 55 9 265
736 2804552314 47218 55 9 265 0 0 60 30 45 0 0 -> 2804552314 47218 54 8 264
737 2804552314 47218 54 8 264 0 0 60 30 45 0 0 -> 2804552314 47218 53 7 263
738 2804552314 47218 53 7 263 0 0 60 30 45 0 0 -> 2804552314 47218 52 6 262
739 2804552314 47218 52 6 262 0 0 60 30 45 0 0 -> 2804552314 47218 51 5 261
740 2804552314 47218 51 5 261 0 0 60 30 45 0 0 -> 2804552314 47218 50 4 260
741 2804552314 47218 50 4 260 0 0 60 30 45 0 0 -> 2804552314 47218 49 3 259
742 2804552314 47218 49 3 259 0 0 60 30 45 0 0 -> 2804552314 47218 48 2 258
743 2804552314 47218 48 2 258 0 0 60 30 45 0 0 -> 2804552314 47218 47 1 257
744 2804552314 47218 47 1 257 0 0 60 30 45 0 0 -> 1122449963 23609 46 35 256
745 1122449963 23609 46 35 256 0 0 60 30 45 0 0 -> 1122449963 23609 45 34 255
746 1122449963 23609 45 34 255 0 0 60 30 45 0 0 -> 1122449963 23609 44 33 254
747 1122449963 23609 44 33 254 0 0 60 30 45 0 0 -> 1122449963 23609 43 32 253
748 1122449963 23609 43 32 253 0 0 60 30 45 0 0 -> 1122449963 23609 42 31 252
749 1122449963 23609 42 31 252 0 0 60 30 45 0 0 -> 1122449963 23609 41 30 251
750 1122449963 23609 41 30 251 0 0 60 30 45 0 0 -> 1122449963 23609 40 29 250
751 1122449963 23609 40 29 250 0 0 60 30 45 0 0 -> 1122449963 23609 39 28 249
752 1122449963 23609 39 28 249 0 0 60 30 45 0 0 -> 1122449963 23609 38 27 248
753 1122449963 23609 38 27 248 0 0 60 30 45 0 0 -> 1122449963 23609 37 26 247
754 1122449963 23609 37 26 247 0 0 60 30 45 0 0 -> 1122449963 23609 36 25 246
755 1122449963 23609 36 25 246 0 0 60 30 45 0 0 -> 1122449963 23609 35 24 245
756 1122449963 23609 35 24 245 0 0 60 30 45 0 0 -> 1122449963 23609 34 23 244
757 1122449963 23609 34 23 244 0 0 60 30 45 0 0 -> 1122449963 23609 33 22 243
758 1122449963 23609 33 22 243 0 0 60 30 45 0 0 -> 1122449963 23609 32 21 242
759 1122449963 23609 32 21 242 0 0 60 30 45 0 0 -> 1122449963 23609 31 20 241
760 1122449963 23609 31 20 241 0 0 60 30 45 0 0 -> 1122449963 23609 30 19 240
761 1122449963 23609 30 19 240 0 0 60 30 45 0 0 -> 1122449963 23609 29 18 239
762 1122449963 23609 29 18 239 0 0 60 30 45 0 0 -> 1122449963 23609 28 17 238
763 1122449963 23609 28 17 238 0 0 60 30 45 0 0 -> 1122449963 23609 27 16 237
764 1122449963 23609 27 16 237 0 0 60 30 45 0 0 -> 1122449963 23609 26 15 236
765 1122449963 23609 26 15 236 0 0 60 30 45 0 0 -> 1122449963 23609 25 14 235
766 1122449963 23609 25 14 235 0 0 60 30 45 0 0 -> 1122449963 23609 24 13 234
767 1122449963 23609 24 13 234 0 0 60 30 45 0 0 -> 1122449963 23609 23 12 233
768 1122449963 23609 23 12 233 0 0 60 30 45 0 0 -> 1122449963 23609 22 11 232
769 1122449963 23609 22 11 232 0 0 60 30 45 0 0 -> 1122449963 23609 21 10 231
770 1122449963 23609 21 10 231 0 0 60 30 45 0 0 -> 1122449963 23609 20 9 230
771 1122449963 23609 20 9 230 0 0 60 30 45 0 0 -> 1122449963 23609 19 8 229
772 1122449963 23609 19 8 229 0 0 60 30 45 0 0 -> 1122449963 23609 18 7 228
773 1122449963 23609 18 7 228 0 0 60 30 45 0 0 -> 1122449963 23609 17 6 227
774 1122449963 23609 17 6 227 0 0 60 30 45 0 0 -> 1122449963 23609 16 5 226
775 1122449963 23609 16 5 226 0 0 60 30 45 0 0 -> 1122449963 23609 15 4 225
776 1122449963 23609 15 4 225 0 0 60 30 45 0 0 -> 1122449963 23609 14 3 224
777 1122449963 23609 14 3 224 0 0 60 30 45 0 0 -> 1122449963 23609 13 2 223
778 1122449963 23609 13 2 223 0 0 60 30 45 0 0 -> 1122449963 23609 12 1 222
779 1122449963 23609 12 1 222 0 0 60 30 45 0 0 -> 3631156872 42508 11 41 221
780 3631156872 42508 11 41 221 0 0 60 30 45 0 0 -> 3631156872 42508 10 40 220
781 3631156872 42508 10 40 220 0 0 60 30 45 0 0 -> 3631156872 42508 9 39 219
782 3631156872 42508 9 39 219 0 0 60 30 45 0 0 -> 3631156872 42508 8 38 218
783 3631156872 42508 8 38 218 0 0 60 30 45 0 0 -> 3631156872 42508 7 37 217
784 3631156872 42508 7 37 217 0 0 60 30 45 0 0 -> 3631156872 42508 6 36 216
785 3631156872 42508 6 36 216 0 0 60 30 45 0 0 -> 3631156872 42508 5 35 215
786 3631156872 42508 5 35 215 0 0 60 30 45 0 0 -> 3631156872 42508 4 34 214
787 3631156872 42508 4 34 214 0 0 60 30 45 0 0 -> 3631156872 42508 3 33 213
788 3631156872 42508 3 33 213 0 0 60 30 45 0 0 -> 3631156872 42508 2 32 212
789 3631156872 42508 2 32 212 0 0 60 30 45 0 0 -> 3631156872 42508 1 31 211
790 3631156872 42508 1 31 211 0 0 60 30 45 0 0 -> 3269906465 21254 60 30 210
791 3269906465 21254 60 30 210 0 0 60 30 45 0 0 -> 3269906465 21254 59 29 209
792 3269906465 21254 59 29 209 0 0 60 30 45 0 0 -> 3269906465 21254 58 28 208
793 3269906465 21254 58 28 208 0 0 60 30 45 0 0 -> 3269906465 21254 57 27 207
794 3269906465 21254 57 27 207 0 0 60 30 45 0 0 -> 3269906465 21254 56 26 206
795 3269906465 21254 56 26 206 0 0 60 30 45 0 0 -> 3269906465 21254 55 25 205
796 3269906465 21254 55 25 205 0 0 60 30 45 0 0 -> 3269906465 21254 54 24 204
797 3269906465 21254 54 24 204 0 0 60 30 45 0 0 -> 3269906465 21254 53 23 203
798 3269906465 21254 53 23 203 0 0 60 30 45 0 0 -> 3269906465 21254 52 22 202
799 3269906465 21254 52 22 202 0 0 60 30 45 0 0 -> 3269906465 21254 51 21 201
800 3269906465 21254 51 21 201 0 0 60 30 45 0 0 -> 3269906465 21254 50 20 200
801 3269906465 21254 50 20 200 0 0 60 30 45 0 0 -> 3269906465 21254 49 19 199
802 3269906465 21254 49 19 199 0 0 60 30 45 0 0 -> 3269906465 21254 48 18 198
803 3269906465 21254 48 18 198 0 0 60 30 45 0 0 -> 3269906465 21254 47 17 197
804 3269906465 21254 47 17 197 0 0 60 30 45 0 0 -> 3269906465 21254 46 16 196
805 3269906465 21254 46 16 196 0 0 60 30 45 0 0 -> 3269906465 21254 45 15 195
806 3269906465 21254 45 15 195 0 0 60 30 45 0 0 -> 3269906465 21254 44 14 194
807 3269906465 21254 44 14 194 0 0 60 30 45 0 0 -> 3269906465 21254 43 13 193
808 3269906465 21254 43 13 193 0 0 60 30 45 0 0 -> 3269906465 21254 42 12 192
809 3269906465 21254 42 12 192 0 0 60 30 45 0 0 -> 3269906465 21254 41 11 191
810 3269906465 21254 41 11 191 0 0 60 30 45 0 0 -> 3269906465 21254 40 10 190
811 3269906465 21254 40 10 190 0 0 60 30 45 0 0 -> 3269906465 21254 39 9 189
812 3269906465 21254 39 9 189 0 0 60 30 45 0 0 -> 3269906465 21254 38 8 188
813 3269906465 21254 38 8 188 0 0 60 30 45 0 0 -> 3269906465 21254 37 7 187
814 3269906465 21254 37 7 187 0 0 60 30 45 0 0 -> 3269906465 21254 36 6 186
815 3269906465 21254 36 6 186 0 0 60 30 45 0 0 -> 3269906465 21254 35 5 185
816 3269906465 21254 35 5 185 0 0 60 30 45 0 0 -> 3269906465 21254 34 4 184
817 3269906465 21254 34 4 184 0 0 60 30 45 0 0 -> 3269906465 21254 33 3 183
818 3269906465 21254 33 3 183 0 0 60 30 45 0 0 -> 3269906465 21254 32 2 182
819 3269906465 21254 32 2 182 0 0 60 30 45 0 0 -> 3269906465 21254 31 1 181
820 3269906465 21254 31 1 181 0 0 60 30 45 0 0 -> 2855722054 10627 30 38 180
821 2855722054 10627 30 38 180 0 0 60 30 45 0 0 -> 2855722054 10627 29 37 179
822 2855722054 10627 29 37 179 0 0 60 30 45 0 0 -> 2855722054 10627 28 36 178
823 2855722054 10627 28 36 178 0 0 60 30 45 0 0 -> 2855722054 10627 27 35 177
824 2855722054 10627 27 35 177 0 0 60 30 45 0 0 -> 2855722054 10627 26 34 176
825 2855722054 10627 26 34 176 0 0 60 30 45 0 0 -> 2855722054 10627 25 33 175
826 2855722054 10627 25 33 175 0 0 60 30 45 0 0 -> 2855722054 10627 24 32 174
827 2855722054 10627 24 32 174 0 0 60 30 45 0 0 -> 2855722054 10627 23 31 173
828 2855722054 10627 23 31 173 0 0 60 30 45 0 0 -> 2855722054 10627 22 30 172
829 2855722054 10627 22 30 172 0 0 60 30 45 0 0 -> 2855722054 10627 21 29 171
830 2855722054 10627 21 29 171 0 0 60 30 45 0 0 -> 2855722054 10627 20 28 170
831 2855722054 10627 20 28 170 0 0 60 30 45 0 0 -> 2855722054 10627 19 27 169
832 2855722054 10627 19 27 169 0 0 60 30 45 0 0 -> 2855722054 10627 18 26 168
833 2855722054 10627 18 26 168 0 0 60 30 45 0 0 -> 2855722054 10627 17 25 167
834 2855722054 10627 17 25 167 0 0 60 30 45 0 0 -> 2855722054 10627 16 24 166
835 2855722054 10627 16 24 166 0 0 60 30 45 0 0 -> 2855722054 10627 15 23 165
836 2855722054 10627 15 23 165 0 0 60 30 45 0 0 -> 2855722054 10627 14 22 164
837 2855722054 10627 14 22 164 0 0 60 30 45 0 0 -> 2855722054 10627 13 21 163
838 2855722054 10627 13 21 163 0 0 60 30 45 0 0 -> 2855722054 10627 12 20 162
839 2855722054 10627 12 20 162 0 0 60 30 45 0 0 -> 2855722054 10627 11 19 161
840 2855722054 10627 11 19 161 0 0 60 30 45 0 0 -> 2855722054 10627 10 18 160
841 2855722054 10627 10 18 160 0 0 60 30 45 0 0 -> 2855722054 10627 9 17 159
842 2855722054 10627 9 17 159 0 0 60 30 45 0 0 -> 2855722054 10627 8 16 158
843 2855722054 10627 8 16 158 0 0 60 30 45 0 0 -> 2855722054 10627 7 15 157
844 2855722054 10627 7 15 157 0 0 60 30 45 0 0 -> 2855722054 10627 6 14 156
845 2855722054 10627 6 14 156 0 0 60 30 45 0 0 -> 2855722054 10627 5 13 155
846 2855722054 10627 5 13 155 0 0 60 30 45 0 0 -> 2855722054 10627 4 12 154
847 2855722054 10627 4 12 154 0 0 60 30 45 0 0 -> 2855722054 10627 3 11 153
848 2855722054 10627 3 11 153 0 0 60 30 45 0 0 -> 2855722054 10627 2 10 152
849 2855722054 10627 2 10 152 0 0 60 30 45 0 0 -> 2855722054 10627 1 9 151
850 2855722054 10627 1 9 151 0 0 60 30 45 0 0 -> 1419595271 40145 60 8 150
851 1419595271 40145 60 8 150 0 0 60 30 45 0 0 -> 1419595271 40145 59 7 149
852 1419595271 40145 59 7 149 0 0 60 30 45 0 0 -> 1419595271 40145 58 6 148
853 1419595271 40145 58 6 148 0 0 60 30 45 0 0 -> 1419595271 40145 57 5 147
854 1419595271 40145 57 5 147 0 0 60 30 45 0 0 -> 1419595271 40145 56 4 146
855 1419595271 40145 56 4 146 0 0 60 30 45 0 0 -> 1419595271 40145 55 3 145
856 1419595271 40145 55 3 145 0 0 60 30 45 0 0 -> 1419595271 40145 54 2 144
857 1419595271 40145 54 2 144 0 0 60 30 45 0 0 -> 1419595271 40145 53 1 143
858 1419595271 40145 53 1 143 0 0 60 30 45 0 0 -> 355109684 50808 52 31 142
859 355109684 50808 52 31 142 0 0 60 30 45 0 0 -> 355109684 50808 51 30 141
860 355109684 50808 51 30 141 0 0 60 30 45 0 0 -> 355109684 50808 50 29 140
861 355109684 50808 50 29 140 0 0 60 30 45 0 0 -> 355109684 50808 49 28 139
862 355109684 50808 49 28 139 0 0 60 30 45 0 0 -> 355109684 50808 48 27 138
863 355109684 50808 48 27 138 0 0 60 30 45 0 0 -> 355109684 50808 47 26 137
864 355109684 50808 47 26 137 0 0 60 30 45 0 0 -> 355109684 50808 46 25 136
865 355109684 50808 46 25 136 0 0 60 30 45 0 0 -> 355109684 50808 45 24 135
866 355109684 50808 45 24 135 0 0 60 30 45 0 0 -> 355109684 50808 44 23 134
867 355109684 50808 44 23 134 0 0 60 30 45 0 0 -> 355109684 50808 43 22 133
868 355109684 50808 43 22 133 0 0 60 30 45 0 0 -> 355109684 50808 42 21 132
869 355109684 50808 42 21 132 0 0 60 30 45 0 0 -> 355109684 50808 41 20 131
870 355109684 50808 41 20 131 0 0 60 30 45 0 0 -> 355109684 50808 40 19 130
871 355109684 50808 40 19 130 0 0 60 30 45 0 0 -> 355109684 50808 39 18 129
872 355109684 50808 39 18 129 0 0 60 30 45 0 0 -> 355109684 50808 38 17 128
873 355109684 50808 38 17 128 0 0 60 30 45 0 0 -> 355109684 50808 37 16 127
874 355109684 50808 37 16 127 0 0 60 30 45 0 0 -> 355109684 50808 36 15 126
875 355109684 50808 36 15 126 0 0 60 30 45 0 0 -> 355109684 50808 35 14 125
876 355109684 50808 35 14 125 0 0 60 30 45 0 0 -> 355109684 50808 34 13 124
877 355109684 50808 34 13 124 0 0 60 30 45 0 0 -> 355109684 50808 33 12 123
878 355109684 50808 33 12 123 0 0 60 30 45 0 0 -> 355109684 50808 32 11 122
879 355109684 50808 32 11 122 0 0 60 30 45 0 0 -> 355109684 50808 31 10 121
880 355109684 50808 31 10 121 0 0 60 30 45 0 0 -> 355109684 50808 30 9 120
881 355109684 50808 30 9 120 0 0 60 30 45 0 0 -> 355109684 50808 29 8 119
882 355109684 50808 29 8 119 0 0 60 30 45 0 0 -> 355109684 50808 28 7 118
883 355109684 50808 28 7 118 0 0 60 30 45 0 0 -> 355109684 50808 27 6 117
884 355109684 50808 27 6 117 0 0 60 30 45 0 0 -> 355109684 50808 26 5 116
885 355109684 50808 26 5 116 0 0 60 30 45 0 0 -> 355109684 50808 25 4 115
886 355109684 50808 25 4 115 0 0 60 30 45 0 0 -> 355109684 50808 24 3 114
887 355109684 50808 24 3 114 0 0 60 30 45 0 0 -> 355109684 50808 23 2 113
888 355109684 50808 23 2 113 0 0 60 30 45 0 0 -> 355109684 50808 22 1 112
889 355109684 50808 22 1 112 0 0 60 30 45 0 0 -> 3619638621 25404 21 37 111
890 3619638621 25404 21 37 111 0 0 60 30 45 0 0 -> 3619638621 25404 20 36 110
891 3619638621 25404 20 36 110 0 0 60 30 45 0 0 -> 3619638621 25404 19 35 109
892 3619638621 25404 19 35 109 0 0 60 30 45 0 0 -> 3619638621 25404 18 34 108
893 3619638621 25404 18 34 108 0 0 60 30 45 0 0 -> 3619638621 25404 17 33 107
894 3619638621 25404 17 33 107 0 0 60 30 45 0 0 -> 3619638621 25404 16 32 106
895 3619638621 25404 16 32 106 0 0 60 30 45 0 0 -> 3619638621 25404 15 31 105
896 3619638621 25404 15 31 105 0 0 60 30 45 0 0 -> 3619638621 25404 14 30 104
897 3619638621 25404 14 30 104 0 0 60 30 45 0 0 -> 3619638621 25404 13 29 103
898 3619638621 25404 13 29 103 0 0 60 30 45 0 0 -> 3619638621 25404 12 28 102
899 3619638621 25404 12 28 102 0 0 60 30 45 0 0 -> 3619638621 25404 11 27 101
900 3619638621 25404 11 27 101 0 0 60 30 45 0 0 -> 3619638621 25404 10 26 100
901 3619638621 25404 10 26 100 0 0 60 30 45 0 0 -> 3619638621 25404 9 25 99
902 3619638621 25404 9 25 99 0 0 60 30 45 0 0 -> 3619638621 25404 8 24 98
903 3619638621 25404 8 24 98 0 0 60 30 45 0 0 -> 3619638621 25404 7 23 97
904 3619638621 25404 7 23 97 0 0 60 30 45 0 0 -> 3619638621 25404 6 22 96
905 3619638621 25404 6 22 96 0 0 60 30 45 0 0 -> 3619638621 25404 5 21 95
906 3619638621 25404 5 21 95 0 0 60 30 45 0 0 -> 3619638621 25404 4 20 94
907 3619638621 25404 4 20 94 0 0 60 30 45 0 0 -> 3619638621 25404 3 19 93
908 3619638621 25404 3 19 93 0 0 60 30 45 0 0 -> 3619638621 25404 2 18 92
909 3619638621 25404 2 18 92 0 0 60 30 45 0 0 -> 3619638621 25404 1 17 91
910 3619638621 25404 1 17 91 0 0 60 30 45 0 0 -> 2566158034 12702 60 16 90
911 2566158034 12702 60 16 90 0 0 60 30 45 0 0 -> 2566158034 12702 59 15 89
912 2566158034 12702 59 15 89 0 0 60 30 45 0 0 -> 2566158034 12702 58 14 88
913 2566158034 12702 58 14 88 0 0 60 30 45 0 0 -> 2566158034 12702 57 13 87
914 2566158034 12702 57 13 87 0 0 60 30 45 0 0 -> 2566158034 12702 56 12 86
915 2566158034 12702 56 12 86 0 0 60 30 45 0 0 -> 2566158034 12702 55 11 85
916 2566158034 12702 55 11 85 0 0 60 30 45 0 0 -> 2566158034 12702 54 10 84
917 2566158034 12702 54 10 84 0 0 60 30 45 0 0 -> 2566158034 12702 53 9 83
918 2566158034 12702 53 9 83 0 0 60 30 45 0 0 -> 2566158034 12702 52 8 82
919 2566158034 12702 52 8 82 0 0 60 30 45 0 0 -> 2566158034 12702 51 7 81
920 2566158034 12702 51 7 81 0 0 60 30 45 0 0 -> 2566158034 12702 50 6 80
921 2566158034 12702 50 6 80 0 0 60 30 45 0 0 -> 2566158034 12702 49 5 79
922 2566158034 12702 49 5 79 0 0 60 30 45 0 0 -> 2566158034 12702 48 4 78
923 2566158034 12702 48 4 78 0 0 60 30 45 0 0 -> 2566158034 12702 47 3 77
924 2566158034 12702 47 3 77 0 0 60 30 45 0 0 -> 2566158034 12702 46 2 76
925 2566158034 12702 46 2 76 0 0 60 30 45 0 0 -> 2566158034 12702 45 1 75
926 2566158034 12702 45 1 75 0 0 60 30 45 0 0 -> 3568747427 6351 44 36 74
927 3568747427 6351 44 36 74 0 0 60 30 45 0 0 -> 3568747427 6351 43 35 73
928 3568747427 6351 43 35 73 0 0 60 30 45 0 0 -> 3568747427 6351 42 34 72
929 3568747427 6351 42 34 72 0 0 60 30 45 0 0 -> 3568747427 6351 41 33 71
930 3568747427 6351 41 33 71 0 0 60 30 45 0 0 -> 3568747427 6351 40 32 70
931 3568747427 6351 40 32 70 0 0 60 30 45 0 0 -> 3568747427 6351 39 31 69
932 3568747427 6351 39 31 69 0 0 60 30 45 0 0 -> 3568747427 6351 38 30 68
933 3568747427 6351 38 30 68 0 0 60 30 45 0 0 -> 3568747427 6351 37 29 67
934 3568747427 6351 37 29 67 0 0 60 30 45 0 0 -> 3568747427 6351 36 28 66
935 3568747427 6351 36 28 66 0 0 60 30 45 0 0 -> 3568747427 6351 35 27 65
936 3568747427 6351 35 27 65 0 0 60 30 45 0 0 -> 3568747427 6351 34 26 64
937 3568747427 6351 34 26 64 0 0 60 30 45 0 0 -> 3568747427 6351 33 25 63
938 3568747427 6351 33 25 63 0 0 60 30 45 0 0 -> 3568747427 6351 32 24 62
939 3568747427 6351 32 24 62 0 0 60 30 45 0 0 -> 3568747427 6351 31 23 61
940 3568747427 6351 31 23 61 0 0 60 30 45 0 0 -> 3568747427 6351 30 22 60
941 3568747427 6351 30 22 60 0 0 60 30 45 0 0 -> 3568747427 6351 29 21 59
942 3568747427 6351 29 21 59 0 0 60 30 45 0 0 -> 3568747427 6351 28 20 58
943 3568747427 6351 28 20 58 0 0 60 30 45 0 0 -> 3568747427 6351 27 19 57
944 3568747427 6351 27 19 57 0 0 60 30 45 0 0 -> 3568747427 6351 26 18 56
945 3568747427 6351 26 18 56 0 0 60 30 45 0 0 -> 3568747427 6351 25 17 55
946 3568747427 6351 25 17 55 0 0 60 30 45 0 0 -> 3568747427 6351 24 16 54
947 3568747427 6351 24 16 54 0 0 60 30 45 0 0 -> 3568747427 6351 23 15 53
948 3568747427 6351 23 15 53 0 0 60 30 45 0 0 -> 3568747427 6351 22 14 52
949 3568747427 6351 22 14 52 0 0 60 30 45 0 0 -> 3568747427 6351 21 13 51
950 3568747427 6351 21 13 51 0 0 60 30 45 0 0 -> 3568747427 6351 20 12 50
951 3568747427 6351 20 12 50 0 0 60 30 45 0 0 -> 3568747427 6351 19 11 49
952 3568747427 6351 19 11 49 0 0 60 30 45 0 0 -> 3568747427 6351 18 10 48
953 3568747427 6351 18 10 48 0 0 60 30 45 0 0 -> 3568747427 6351 17 9 47
954 3568747427 6351 17 9 47 0 0 60 30 45 0 0 -> 3568747427 6351 16 8 46
955 3568747427 6351 16 8 46 0 0 60 30 45 0 0 -> 3568747427 6351 15 7 45
956 3568747427 6351 15 7 45 0 0 60 30 45 0 0 -> 3568747427 6351 14 6 44
957 3568747427 6351 14 6 44 0 0 60 30 45 0 0 -> 3568747427 6351 13 5 43
958 3568747427 6351 13 5 43 0 0 60 30 45 0 0 -> 3568747427 6351 12 4 42
959 3568747427 6351 12 4 42 0 0 60 30 45 0 0 -> 3568747427 6351 11 3 41
960 3568747427 6351 11 3 41 0 0 60 30 45 0 0 -> 3568747427 6351 10 2 40
961 3568747427 6351 10 2 40 0 0 60 30 45 0 0 -> 3568747427 6351 9 1 39
962 3568747427 6351 9 1 39 0 0 60 30 45 0 0 -> 4101973664 33911 8 40 38
963 4101973664 33911 8 40 38 0 0 60 30 45 0 0 -> 4101973664 33911 7 39 37
964 4101973664 33911 7 39 37 0 0 60 30 45 0 0 -> 4101973664 33911 6 38 36
965 4101973664 33911 6 38 36 0 0 60 30 45 0 0 -> 4101973664 33911 5 37 35
966 4101973664 33911 5 37 35 0 0 60 30 45 0 0 -> 4101973664 33911 4 36 34
967 4101973664 33911 4 36 34 0 0 60 30 45 0 0 -> 4101973664 33911 3 35 33
968 4101973664 33911 3 35 33 0 0 60 30 45 0 0 -> 4101973664 33911 2 34 32
969 4101973664 33911 2 34 32 0 0 60 30 45 0 0 -> 4101973664 33911 1 33 31
970 4101973664 33911 1 33 31 0 0 60 30 45 0 0 -> 1470653017 51755 60 32 30
971 1470653017 51755 60 32 30 0 0 60 30 45 0 0 -> 1470653017 51755 59 31 29
972 1470653017 51755 59 31 29 0 0 60 30 45 0 0 -> 1470653017 51755 58 30 28
973 1470653017 51755 58 30 28 0 0 60 30 45 0 0 -> 1470653017 51755 57 29 27
974 1470653017 51755 57 29 27 0 0 60 30 45 0 0 -> 1470653017 51755 56 28 26
975 1470653017 51755 56 28 26 0 0 60 30 45 0 0 -> 1470653017 51755 55 27 25
976 1470653017 51755 55 27 25 0 0 60 30 45 0 0 -> 1470653017 51755 54 26 24
977 1470653017 51755 54 26 24 0 0 60 30 45 0 0 -> 1470653017 51755 53 25 23
978 1470653017 51755 53 25 23 0 0 60 30 45 0 0 -> 1470653017 51755 52 24 22
979 1470653017 51755 52 24 22 0 0 60 30 45 0 0 -> 1470653017 51755 51 23 21
980 1470653017 51755 51 23 21 0 0 60 30 45 0 0 -> 1470653017 51755 50 22 20
981 1470653017 51755 50 22 20 0 0 60 30 45 0 0 -> 1470653017 51755 49 21 19
982 1470653017 51755 49 21 19 0 0 60 30 45 0 0 -> 1470653017 51755 48 20 18
983 1470653017 51755 48 20 18 0 0 60 30 45 0 0 -> 1470653017 51755 47 19 17
984 1470653017 51755 47 19 17 0 0 60 30 45 0 0 -> 1470653017 51755 46 18 16
985 1470653017 51755 46 18 16 0 0 60 30 45 0 0 -> 1470653017 51755 45 17 15
986 1470653017 51755 45 17 15 0 0 60 30 45 0 0 -> 1470653017 51755 44 16 14
987 1470653017 51755 44 16 14 0 0 60 30 45 0 0 -> 1470653017 51755 43 15 13
988 1470653017 51755 43 15 13 0 0 60 30 45 0 0 -> 1470653017 51755 42 14 12
989 1470653017 51755 42 14 12 0 0 60 30 45 0 0 -> 1470653017 51755 41 13 11
990 1470653017 51755 41 13 11 0 0 60 30 45 0 0 -> 1470653017 51755 40 12 10
991 1470653017 51755 40 12 10 0 0 60 30 45 0 0 -> 1470653017 51755 39 11 9
992 1470653017 51755 39 11 9 0 0 60 30 45 0 0 -> 1470653017 51755 38 10 8
993 1470653017 51755 38 10 8 0 0 60 30 45 0 0 -> 1470653017 51755 37 9 7
994 1470653017 51755 37 9 7 0 0 60 30 45 0 0 -> 1470653017 51755 36 8 6
995 1470653017 51755 36 8 6 0 0 60 30 45 0 0 -> 1470653017 51755 35 7 5
996 1470653017 51755 35 7 5 0 0 60 30 45 0 0 -> 1470653017 51755 34 6 4
997 1470653017 51755 34 6 4 0 0 60 30 45 0 0 -> 1470653017 51755 33 5 3
998 1470653017 51755 33 5 3 0 0 60 30 45 0 0 -> 1470653017 51755 32 4 2
999 1470653017 51755 32 4 2 0 0 60 30 45 0 0 -> 1470653017 51755 31 3 1
1000 1470653017 51755 31 3 1 0 0 60 30 45 0 0 -> 1249848862 60677 30 2 64561
1001 1249848862 60677 30 2 64561 0 0 60 30 45 0 0 -> 1249848862 60677 29 1 64560
1002 1249848862 60677 29 1 64560 0 0 60 30 45 0 0 -> 3244816127 65170 28 36 64559
1003 3244816127 65170 28 36 64559 0 0 60 30 45 0 0 -> 3244816127 65170 27 35 64558
1004 3244816127 65170 27 35 64558 0 0 60 30 45 0 0 -> 3244816127 65170 26 34 64557
1005 3244816127 65170 26 34 64557 0 0 60 30 45 0 0 -> 3244816127 65170 25 33 64556
1006 3244816127 65170 25 33 64556 0 0 60 30 45 0 0 -> 3244816127 65170 24 32 64555
1007 3244816127 65170 24 32 64555 0 0 60 30 45 0 0 -> 3244816127 65170 23 31 64554
1008 3244816127 65170 23 31 64554 0 0 60 30 45 0 0 -> 3244816127 65170 22 30 64553
1009 3244816127 65170 22 30 64553 0 0 60 30 45 0 0 -> 3244816127 65170 21 29 64552
1010 3244816127 65170 21 29 64552 0 0 60 30 45 0 0 -> 3244816127 65170 20 28 64551
1011 3244816127 65170 20 28 64551 0 0 60 30 45 0 0 -> 3244816127 65170 19 27 64550
1012 3244816127 65170 19 27 64550 0 0 60 30 45 0 0 -> 3244816127 65170 18 26 64549
1013 3244816127 65170 18 26 64549 0 0 60 30 45 0 0 -> 3244816127 65170 17 25 64548
1014 3244816127 65170 17 25 64548 0 0 60 30 45 0 0 -> 3244816127 65170 16 24 64547
1015 3244816127 65170 16 24 64547 0 0 60 30 45 0 0 -> 3244816127 65170 15 23 64546
1016 3244816127 65170 15 23 64546 0 0 60 30 45 0 0 -> 3244816127 65170 14 22 64545
1017 3244816127 65170 14 22 64545 0 0 60 30 45 0 0 -> 3244816127 65170 13 21 64544
1018 3244816127 65170 13 21 64544 0 0 60 30 45 0 0 -> 3244816127 65170 12 20 64543
1019 3244816127 65170 12 20 64543 0 0 60 30 45 0 0 -> 3244816127 65170 11 19 64542
1020 3244816127 65170 11 19 64542 0 0 60 30 45 0 0 -> 3244816127 65170 10 18 64541
1021 3244816127 65170 10 18 64541 0 0 60 30 45 0 0 -> 3244816127 65170 9 17 64540
1022 3244816127 65170 9 17 64540 0 0 60 30 45 0 0 -> 3244816127 65170 8 16 64539
1023 3244816127 65170 8 16 64539 0 0 60 30 45 0 0 -> 3244816127 65170 7 15 64538
1024 3244816127 65170 7 15 64538 0 0 60 30 45 0 0 -> 3244816127 65170 6 14 64537
1025 3244816127 65170 6 14 64537 0 0 60 30 45 0 0 -> 3244816127 65170 5 13 64536
1026 3244816127 65170 5 13 64536 0 0 60 30 45 0 0 -> 3244816127 65170 4 12 64535
1027 3244816127 65170 4 12 64535 0 0 60 30 45 0 0 -> 3244816127 65170 3 11 64534
1028 3244816127 65170 3 11 64534 0 0 60 30 45 0 0 -> 3244816127 65170 2 10 64533
1029 3244816127 65170 2 10 64533 0 0 60 30 45 0 0 -> 3244816127 65170 1 9 64532
1030 3244816127 65170 1 9 64532 0 0 60 30 45 0 0 -> 3468692684 32585 60 8 64531
1031 3468692684 32585 60 8 64531 0 0 60 30 45 0 0 -> 3468692684 32585 59 7 64530
1032 3468692684 32585 59 7 64530 0 0 60 30 45 0 0 -> 3468692684 32585 58 6 64529
1033 3468692684 32585 58 6 64529 0 0 60 30 45 0 0 -> 3468692684 32585 57 5 64528
1034 3468692684 32585 57 5 64528 0 0 60 30 45 0 0 -> 3468692684 32585 56 4 64527
1035 3468692684 32585 56 4 64527 0 0 60 30 45 0 0 -> 3468692684 32585 55 3 64526
1036 3468692684 32585 55 3 64526 0 0 60 30 45 0 0 -> 3468692684 32585 54 2 64525
1037 3468692684 32585 54 2 64525 0 0 60 30 45 0 0 -> 3468692684 32585 53 1 64524
1038 3468692684 32585 53 1 64524 0 0 60 30 45 0 0 -> 1030998805 47028 52 32 64523
1039 1030998805 47028 52 32 64523 0 0 60 30 45 0 0 -> 1030998805 47028 51 31 64522
1040 1030998805 47028 51 31 64522 0 0 60 30 45 0 0 -> 1030998805 47028 50 30 64521
1041 1030998805 47028 50 30 64521 0 0 60 30 45 0 0 -> 1030998805 47028 49 29 64520
1042 1030998805 47028 49 29 64520 0 0 60 30 45 0 0 -> 1030998805 47028 48 28 64519
1043 1030998805 47028 48 28 64519 0 0 60 30 45 0 0 -> 1030998805 47028 47 27 64518
1044 1030998805 47028 47 27 64518 0 0 60 30 45 0 0 -> 1030998805 47028 46 26 64517
1045 1030998805 47028 46 26 64517 0 0 60 30 45 0 0 -> 1030998805 47028 45 25 64516
1046 1030998805 47028 45 25 64516 0 0 60 30 45 0 0 -> 1030998805 47028 44 24 64515
1047 1030998805 47028 44 24 64515 0 0 60 30 45 0 0 -> 1030998805 47028 43 23 64514
1048 1030998805 47028 43 23 64514 0 0 60 30 45 0 0 -> 1030998805 47028 42 22 64513
1049 1030998805 47028 42 22 64513 0 0 60 30 45 0 0 -> 1030998805 47028 41 21 64512
1050 1030998805 47028 41 21 64512 0 0 60 30 45 0 0 -> 1030998805 47028 40 20 64511
1051 1030998805 47028 40 20 64511 0 0 60 30 45 0 0 -> 1030998805 47028 39 19 64510
1052 1030998805 47028 39 19 64510 0 0 60 30 45 0 0 -> 1030998805 47028 38 18 64509
1053 1030998805 47028 38 18 64509 0 0 60 30 45 0 0 -> 1030998805 47028 37 17 64508
1054 1030998805 47028 37 17 64508 0 0 60 30 45 0 0 -> 1030998805 47028 36 16 64507
1055 1030998805 47028 36 16 64507 0 0 60 30 45 0 0 -> 1030998805 47028 35 15 64506
1056 1030998805 47028 35 15 64506 0 0 60 30 45 0 0 -> 1030998805 47028 34 14 64505
1057 1030998805 47028 34 14 64505 0 0 60 30 45 0 0 -> 1030998805 47028 33 13 64504
1058 1030998805 47028 33 13 64504 0 0 60 30 45 0 0 -> 1030998805 47028 32 12 64503
1059 1030998805 47028 32 12 64503 0 0 60 30 45 0 0 -> 1030998805 47028 31 11 64502
1060 1030998805 47028 31 11 64502 0 0 60 30 45 0 0 -> 1030998805 47028 30 10 64501
1061 1030998805 47028 30 10 64501 0 0 60 30 45 0 0 -> 1030998805 47028 29 9 64500
1062 1030998805 47028 29 9 64500 0 0 60 30 45 0 0 -> 1030998805 47028 28 8 64499
1063 1030998805 47028 28 8 64499 0 0 60 30 45 0 0 -> 1030998805 47028 27 7 64498
1064 1030998805 47028 27 7 64498 0 0 60 30 45 0 0 -> 1030998805 47028 26 6 64497
1065 1030998805 47028 26 6 64497 0 0 60 30 45 0 0 -> 1030998805 47028 25 5 64496
1066 1030998805 47028 25 5 64496 0 0 60 30 45 0 0 -> 1030998805 47028 24 4 64495
1067 1030998805 47028 24 4 64495 0 0 60 30 45 0 0 -> 1030998805 47028 23 3 64494
1068 1030998805 47028 23 3 64494 0 0 60 30 45 0 0 -> 1030998805 47028 22 2 64493
1069 1030998805 47028 22 2 64493 0 0 60 30 45 0 0 -> 1030998805 47028 21 1 64492
1070 1030998805 47028 21 1 64492 0 0 60 30 45 0 0 -> 3647737386 23514 20 37 64491
1071 3647737386 23514 20 37 64491 0 0 60 30 45 0 0 -> 3647737386 23514 19 36 64490
1072 3647737386 23514 19 36 64490 0 0 60 30 45 0 0 -> 3647737386 23514 18 35 64489
1073 3647737386 23514 18 35 64489 0 0 60 30 45 0 0 -> 3647737386 23514 17 34 64488
1074 3647737386 23514 17 34 64488 0 0 60 30 45 0 0 -> 3647737386 23514 16 33 64487
1075 3647737386 23514 16 33 64487 0 0 60 30 45 0 0 -> 3647737386 23514 15 32 64486
1076 3647737386 23514 15 32 64486 0 0 60 30 45 0 0 -> 3647737386 23514 14 31 64485
1077 3647737386 23514 14 31 64485 0 0 60 30 45 0 0 -> 3647737386 23514 13 30 64484
1078 3647737386 23514 13 30 64484 0 0 60 30 45 0 0 -> 3647737386 23514 12 29 64483
1079 3647737386 23514 12 29 64483 0 0 60 30 45 0 0 -> 3647737386 23514 11 28 64482
1080 3647737386 23514 11 28 64482 0 0 60 30 45 0 0 -> 3647737386 23514 10 27 64481
1081 3647737386 23514 10 27 64481 0 0 60 30 45 0 0 -> 3647737386 23514 9 26 64480
1082 3647737386 23514 9 26 64480 0 0 60 30 45 0 0 -> 3647737386 23514 8 25 64479
1083 3647737386 23514 8 25 64479 0 0 60 30 45 0 0 -> 3647737386 23514 7 24 64478
1084 3647737386 23514 7 24 64478 0 0 60 30 45 0 0 -> 3647737386 23514 6 23 64477
1085 3647737386 23514 6 23 64477 0 0 60 30 45 0 0 -> 3647737386 23514 5 22 64476
1086 3647737386 23514 5 22 64476 0 0 60 30 45 0 0 -> 3647737386 23514 4 21 64475
1087 3647737386 23514 4 21 64475 0 0 60 30 45 0 0 -> 3647737386 23514 3 20 64474
1088 3647737386 23514 3 20 64474 0 0 60 30 45 0 0 -> 3647737386 23514 2 19 64473
1089 3647737386 23514 2 19 64473 0 0 60 30 45 0 0 -> 3647737386 23514 1 18 64472
1090 3647737386 23514 1 18 64472 0 0 60 30 45 0 0 -> 500106267 11757 60 17 64471
1091 500106267 11757 60 17 64471 0 0 60 30 45 0 0 -> 500106267 11757 59 16 64470
1092 500106267 11757 59 16 64470 0 0 60 30 45 0 0 -> 500106267 11757 58 15 64469
1093 500106267 11757 58 15 64469 0 0 60 30 45 0 0 -> 500106267 11757 57 14 64468
1094 500106267 11757 57 14 64468 0 0 60 30 45 0 0 -> 500106267 11757 56 13 64467
1095 500106267 11757 56 13 64467 0 0 60 30 45 0 0 -> 500106267 11757 55 12 64466
1096 500106267 11757 55 12 64466 0 0 60 30 45 0 0 -> 500106267 11757 54 11 64465
1097 500106267 11757 54 11 64465 0 0 60 30 45 0 0 -> 500106267 11757 53 10 64464
1098 500106267 11757 53 10 64464 0 0 60 30 45 0 0 -> 500106267 11757 52 9 64463
1099 500106267 11757 52 9 64463 0 0 60 30 45 0 0 -> 500106267 11757 51 8 64462
1100 500106267 11757 51 8 64462 0 0 60 30 45 0 0 -> 500106267 11757 50 7 64461
1101 500106267 11757 50 7 64461 0 0 60 30 45 0 0 -> 500106267 11757 49 6 64460
1102 500106267 11757 49 6 64460 0 0 60 30 45 0 0 -> 500106267 11757 48 5 64459
1103 500106267 11757 48 5 64459 0 0 60 30 45 0 0 -> 500106267 11757 47 4 64458
1104 500106267 11757 47 4 64458 0 0 60 30 45 0 0 -> 500106267 11757 46 3 64457
1105 500106267 11757 46 3 64457 0 0 60 30 45 0 0 -> 500106267 11757 45 2 64456
1106 500106267 11757 45 2 64456 0 0 60 30 45 0 0 -> 500106267 11757 44 1 64455
1107 500106267 11757 44 1 64455 0 0 60 30 45 0 0 -> 3427215800 40678 43 30 64454
1108 3427215800 40678 43 30 64454 0 0 60 30 45 0 0 -> 3427215800 40678 42 29 64453
1109 3427215800 40678 42 29 64453 0 0 60 30 45 0 0 -> 3427215800 40678 41 28 64452
1110 3427215800 40678 41 28 64452 0 0 60 30 45 0 0 -> 3427215800 40678 40 27 64451
1111 3427215800 40678 40 27 64451 0 0 60 30 45 0 0 -> 3427215800 40678 39 26 64450
1112 3427215800 40678 39 26 64450 0 0 60 30 45 0 0 -> 3427215800 40678 38 25 64449
1113 3427215800 40678 38 25 64449 0 0 60 30 45 0 0 -> 3427215800 40678 37 24 64448
1114 3427215800 40678 37 24 64448 0 0 60 30 45 0 0 -> 3427215800 40678 36 23 64447
1115 3427215800 40678 36 23 64447 0 0 60 30 45 0 0 -> 3427215800 40678 35 22 64446
1116 3427215800 40678 35 22 64446 0 0 60 30 45 0 0 -> 3427215800 40678 34 21 64445
1117 3427215800 40678 34 21 64445 0 0 60 30 45 0 0 -> 3427215800 40678 33 20 64444
1118 3427215800 40678 33 20 64444 0 0 60 30 45 0 0 -> 3427215800 40678 32 19 64443
1119 3427215800 40678 32 19 64443 0 0 60 30 45 0 0 -> 3427215800 40678 31 18 64442
1120 3427215800 40678 31 18 64442 0 0 60 30 45 0 0 -> 3427215800 40678 30 17 64441
1121 3427215800 40678 30 17 64441 0 0 60 30 45 0 0 -> 3427215800 40678 29 16 64440
1122 3427215800 40678 29 16 64440 0 0 60 30 45 0 0 -> 3427215800 40678 28 15 64439
1123 3427215800 40678 28 15 64439 0 0 60 30 45 0 0 -> 3427215800 40678 27 14 64438
1124 3427215800 40678 27 14 64438 0 0 60 30 45 0 0 -> 3427215800 40678 26 13 64437
1125 3427215800 40678 26 13 64437 0 0 60 30 45 0 0 -> 3427215800 40678 25 12 64436
1126 3427215800 40678 25 12 64436 0 0 60 30 45 0 0 -> 3427215800 40678 24 11 64435
1127 3427215800 40678 24 11 64435 0 0 60 30 45 0 0 -> 3427215800 40678 23 10 64434
1128 3427215800 40678 23 10 64434 0 0 60 30 45 0 0 -> 3427215800 40678 22 9 64433
1129 3427215800 40678 22 9 64433 0 0 60 30 45 0 0 -> 3427215800 40678 21 8 64432
1130 3427215800 40678 21 8 64432 0 0 60 30 45 0 0 -> 3427215800 40678 20 7 64431
1131 3427215800 40678 20 7 64431 0 0 60 30 45 0 0 -> 3427215800 40678 19 6 64430
1132 3427215800 40678 19 6 64430 0 0 60 30 45 0 0 -> 3427215800 40678 18 5 64429
1133 3427215800 40678 18 5 64429 0 0 60 30 45 0 0 -> 3427215800 40678 17 4 64428
1134 3427215800 40678 17 4 64428 0 0 60 30 45 0 0 -> 3427215800 40678 16 3 64427
1135 3427215800 40678 16 3 64427 0 0 60 30 45 0 0 -> 3427215800 40678 15 2 64426
1136 3427215800 40678 15 2 64426 0 0 60 30 45 0 0 -> 3427215800 40678 14 1 64425
1137 3427215800 40678 14 1 64425 0 0 60 30 45 0 0 -> 2773681041 20339 13 33 64424
1138 2773681041 20339 13 33 64424 0 0 60 30 45 0 0 -> 2773681041 20339 12 32 64423
1139 2773681041 20339 12 32 64423 0 0 60 30 45 0 0 -> 2773681041 20339 11 31 64422
1140 2773681041 20339 11 31 64422 0 0 60 30 45 0 0 -> 2773681041 20339 10 30 64421
1141 2773681041 20339 10 30 64421 0 0 60 30 45 0 0 -> 2773681041 20339 9 29 64420
1142 2773681041 20339 9 29 64420 0 0 60 30 45 0 0 -> 2773681041 20339 8 28 64419
1143 2773681041 20339 8 28 64419 0 0 60 30 45 0 0 -> 2773681041 20339 7 27 64418
1144 2773681041 20339 7 27 64418 0 0 60 30 45 0 0 -> 2773681041 20339 6 26 64417
1145 2773681041 20339 6 26 64417 0 0 60 30 45 0 0 -> 2773681041 20339 5 25 64416
1146 2773681041 20339 5 25 64416 0 0 60 30 45 0 0 -> 2773681041 20339 4 24 64415
1147 2773681041 20339 4 24 64415 0 0 60 30 45 0 0 -> 2773681041 20339 3 23 64414
1148 2773681041 20339 3 23 64414 0 0 60 30 45 0 0 -> 2773681041 20339 2 22 64413
1149 2773681041 20339 2 22 64413 0 0 60 30 45 0 0 -> 2773681041 20339 1 21 64412
1150 2773681041 20339 1 21 64412 0 0 60 30 45 0 0 -> 1117053686 44969 60 20 64411
1151 1117053686 44969 60 20 64411 0 0 60 30 45 0 0 -> 1117053686 44969 59 19 64410
1152 1117053686 44969 59 19 64410 0 0 60 30 45 0 0 -> 1117053686 44969 58 18 64409
1153 1117053686 44969 58 18 64409 0 0 60 30 45 0 0 -> 1117053686 44969 57 17 64408
1154 1117053686 44969 57 17 64408 0 0 60 30 45 0 0 -> 1117053686 44969 56 16 64407
1155 1117053686 44969 56 16 64407 0 0 60 30 45 0 0 -> 1117053686 44969 55 15 64406
1156 1117053686 44969 55 15 64406 0 0 60 30 45 0 0 -> 1117053686 44969 54 14 64405
1157 1117053686 44969 54 14 64405 0 0 60 30 45 0 0 -> 1117053686 44969 53 13 64404
1158 1117053686 44969 53 13 64404 0 0 60 30 45 0 0 -> 1117053686 44969 52 12 64403
1159 1117053686 44969 52 12 64403 0 0 60 30 45 0 0 -> 1117053686 44969 51 11 64402
1160 1117053686 44969 51 11 64402 0 0 60 30 45 0 0 -> 1117053686 44969 50 10 64401
1161 1117053686 44969 50 10 64401 0 0 60 30 45 0 0 -> 1117053686 44969 49 9 64400
1162 1117053686 44969 49 9 64400 0 0 60 30 45 0 0 -> 1117053686 44969 48 8 64399
1163 1117053686 44969 48 8 64399 0 0 60 30 45 0 0 -> 1117053686 44969 47 7 64398
1164 1117053686 44969 47 7 64398 0 0 60 30 45 0 0 -> 1117053686 44969 46 6 64397
1165 1117053686 44969 46 6 64397 0 0 60 30 45 0 0 -> 1117053686 44969 45 5 64396
1166 1117053686 44969 45 5 64396 0 0 60 30 45 0 0 -> 1117053686 44969 44 4 64395
1167 1117053686 44969 44 4 64395 0 0 60 30 45 0 0 -> 1117053686 44969 43 3 64394
1168 1117053686 44969 43 3 64394 0 0 60 30 45 0 0 -> 1117053686 44969 42 2 64393
1169 1117053686 44969 42 2 64393 0 0 60 30 45 0 0 -> 1117053686 44969 41 1 64392
1170 1117053686 44969 41 1 64392 0 0 60 30 45 0 0 -> 3067070199 57284 40 43 64391
1171 3067070199 57284 40 43 64391 0 0 60 30 45 0 0 -> 3067070199 57284 39 42 64390
1172 3067070199 57284 39 42 64390 0 0 60 30 45 0 0 -> 3067070199 57284 38 41 64389
1173 3067070199 57284 38 41 64389 0 0 60 30 45 0 0 -> 3067070199 57284 37 40 64388
1174 3067070199 57284 37 40 64388 0 0 60 30 45 0 0 -> 3067070199 57284 36 39 64387
1175 3067070199 57284 36 39 64387 0 0 60 30 45 0 0 -> 3067070199 57284 35 38 64386
1176 3067070199 57284 35 38 64386 0 0 60 30 45 0 0 -> 3067070199 57284 34 37 64385
1177 3067070199 57284 34 37 64385 0 0 60 30 45 0 0 -> 3067070199 57284 33 36 64384
1178 3067070199 57284 33 36 64384 0 0 60 30 45 0 0 -> 3067070199 57284 32 35 64383
1179 3067070199 57284 32 35 64383 0 0 60 30 45 0 0 -> 3067070199 57284 31 34 64382
1180 3067070199 57284 31 34 64382 0 0 60 30 45 0 0 -> 3067070199 57284 30 33 64381
1181 3067070199 57284 30 33 64381 0 0 60 30 45 0 0 -> 3067070199 57284 29 32 64380
1182 3067070199 57284 29 32 64380 0 0 60 30 45 0 0 -> 3067070199 57284 28 31 64379
1183 3067070199 57284 28 31 64379 0 0 60 30 45 0 0 -> 3067070199 57284 27 30 64378
1184 3067070199 57284 27 30 64378 0 0 60 30 45 0 0 -> 3067070199 57284 26 29 64377
1185 3067070199 57284 26 29 64377 0 0 60 30 45 0 0 -> 3067070199 57284 25 28 64376
1186 3067070199 57284 25 28 64376 0 0 60 30 45 0 0 -> 3067070199 57284 24 27 64375
1187 3067070199 57284 24 27 64375 0 0 60 30 45 0 0 -> 3067070199 57284 23 26 64374
1188 3067070199 57284 23 26 64374 0 0 60 30 45 0 0 -> 3067070199 57284 22 25 64373
1189 3067070199 57284 22 25 64373 0 0 60 30 45 0 0 -> 3067070199 57284 21 24 64372
1190 3067070199 57284 21 24 64372 0 0 60 30 45 0 0 -> 3067070199 57284 20 23 64371
1191 3067070199 57284 20 23 64371 0 0 60 30 45 0 0 -> 3067070199 57284 19 22 64370
1192 3067070199 57284 19 22 64370 0 0 60 30 45 0 0 -> 3067070199 57284 18 21 64369
1193 3067070199 57284 18 21 64369 0 0 60 30 45 0 0 -> 3067070199 57284 17 20 64368
1194 3067070199 57284 17 20 64368 0 0 60 30 45 0 0 -> 3067070199 57284 16 19 64367
1195 3067070199 57284 16 19 64367 0 0 60 30 45 0 0 -> 3067070199 57284 15 18 64366
1196 3067070199 57284 15 18 64366 0 0 60 30 45 0 0 -> 3067070199 57284 14 17 64365
1197 3067070199 57284 14 17 64365 0 0 60 30 45 0 0 -> 3067070199 57284 13 16 64364
1198 3067070199 57284 13 16 64364 0 0 60 30 45 0 0 -> 3067070199 57284 12 15 64363
1199 3067070199 57284 12 15 64363 0 0 60 30 45 0 0 -> 3067070199 57284 11 14 64362
1200 3067070199 57284 11 14 64362 0 0 60 30 45 0 0 -> 3067070199 57284 10 13 64361
1201 3067070199 57284 10 13 64361 0 0 60 30 45 0 0 -> 3067070199 57284 9 12 64360
1202 3067070199 57284 9 12 64360 0 0 60 30 45 0 0 -> 3067070199 57284 8 11 64359
1203 3067070199 57284 8 11 64359 0 0 60 30 45 0 0 -> 3067070199 57284 7 10 64358
1204 3067070199 57284 7 10 64358 0 0 60 30 45 0 0 -> 3067070199 57284 6 9 64357
1205 3067070199 57284 6 9 64357 0 0 60 30 45 0 0 -> 3067070199 57284 5 8 64356
1206 3067070199 57284 5 8 64356 0 0 60 30 45 0 0 -> 3067070199 57284 4 7 64355
1207 3067070199 57284 4 7 64355 0 0 60 30 45 0 0 -> 3067070199 57284 3 6 64354
1208 3067070199 57284 3 6 64354 0 0 60 30 45 0 0 -> 3067070199 57284 2 5 64353
1209 3067070199 57284 2 5 64353 0 0 60 30 45 0 0 -> 3067070199 57284 1 4 64352
1210 3067070199 57284 1 4 64352 0 0 60 30 45 0 0 -> 3206621540 28642 60 3 64351
1211 3206621540 28642 60 3 64351 0 0 60 30 45 0 0 -> 3206621540 28642 59 2 64350
1212 3206621540 28642 59 2 64350 0 0 60 30 45 0 0 -> 3206621540 28642 58 1 64349
1213 3206621540 28642 58 1 64349 0 0 60 30 45 0 0 -> 3809691597 14321 57 43 64348
1214 3809691597 14321 57 43 64348 0 0 60 30 45 0 0 -> 3809691597 14321 56 42 64347
1215 3809691597 14321 56 42 64347 0 0 60 30 45 0 0 -> 3809691597 14321 55 41 64346
1216 3809691597 14321 55 41 64346 0 0 60 30 45 0 0 -> 3809691597 14321 54 40 64345
1217 3809691597 14321 54 40 64345 0 0 60 30 45 0 0 -> 3809691597 14321 53 39 64344
1218 3809691597 14321 53 39 64344 0 0 60 30 45 0 0 -> 3809691597 14321 52 38 64343
1219 3809691597 14321 52 38 64343 0 0 60 30 45 0 0 -> 3809691597 14321 51 37 64342
1220 3809691597 14321 51 37 64342 0 0 60 30 45 0 0 -> 3809691597 14321 50 36 64341
1221 3809691597 14321 50 36 64341 0 0 60 30 45 0 0 -> 3809691597 14321 49 35 64340
1222 3809691597 14321 49 35 64340 0 0 60 30 45 0 0 -> 3809691597 14321 48 34 64339
1223 3809691597 14321 48 34 64339 0 0 60 30 45 0 0 -> 3809691597 14321 47 33 64338
1224 3809691597 14321 47 33 64338 0 0 60 30 45 0 0 -> 3809691597 14321 46 32 64337
1225 3809691597 14321 46 32 64337 0 0 60 30 45 0 0 -> 3809691597 14321 45 31 64336
1226 3809691597 14321 45 31 64336 0 0 60 30 45 0 0 -> 3809691597 14321 44 30 64335
1227 3809691597 14321 44 30 64335 0 0 60 30 45 0 0 -> 3809691597 14321 43 29 64334
1228 3809691597 14321 43 29 64334 0 0 60 30 45 0 0 -> 3809691597 14321 42 28 64333
1229 3809691597 14321 42 28 64333 0 0 60 30 45 0 0 -> 3809691597 14321 41 27 64332
1230 3809691597 14321 41 27 64332 0 0 60 30 45 0 0 -> 3809691597 14321 40 26 64331
1231 3809691597 14321 40 26 64331 0 0 60 30 45 0 0 -> 3809691597 14321 39 25 64330
1232 3809691597 14321 39 25 64330 0 0 60 30 45 0 0 -> 3809691597 14321 38 24 64329
1233 3809691597 14321 38 24 64329 0 0 60 30 45 0 0 -> 3809691597 14321 37 23 64328
1234 3809691597 14321 37 23 64328 0 0 60 30 45 0 0 -> 3809691597 14321 36 22 64327
1235 3809691597 14321 36 22 64327 0 0 60 30 45 0 0 -> 3809691597 14321 35 21 64326
1236 3809691597 14321 35 21 64326 0 0 60 30 45 0 0 -> 3809691597 14321 34 20 64325
1237 3809691597 14321 34 20 64325 0 0 60 30 45 0 0 -> 3809691597 14321 33 19 64324
1238 3809691597 14321 33 19 64324 0 0 60 30 45 0 0 -> 3809691597 14321 32 18 64323
1239 3809691597 14321 32 18 64323 0 0 60 30 45 0 0 -> 3809691597 14321 31 17 64322
1240 3809691597 14321 31 17 64322 0 0 60 30 45 0 0 -> 3809691597 14321 30 16 64321
1241 3809691597 14321 30 16 64321 0 0 60 30 45 0 0 -> 3809691597 14321 29 15 64320
1242 3809691597 14321 29 15 64320 0 0 60 30 45 0 0 -> 3809691597 14321 28 14 64319
1243 3809691597 14321 28 14 64319 0 0 60 30 45 0 0 -> 3809691597 14321 27 13 64318
1244 3809691597 14321 27 13 64318 0 0 60 30 45 0 0 -> 3809691597 14321 26 12 64317
1245 3809691597 14321 26 12 64317 0 0 60 30 45 0 0 -> 3809691597 14321 25 11 64316
1246 3809691597 14321 25 11 64316 0 0 60 30 45 0 0 -> 3809691597 14321 24 10 64315
1247 3809691597 14321 24 10 64315 0 0 60 30 45 0 0 -> 3809691597 14321 23 9 64314
1248 3809691597 14321 23 9 64314 0 0 60 30 45 0 0 -> 3809691597 14321 22 8 64313
1249 3809691597 14321 22 8 64313 0 0 60 30 45 0 0 -> 3809691597 14321 21 7 64312
1250 3809691597 14321 21 7 64312 0 0 60 30 45 0 0 -> 3809691597 14321 20 6 64311
1251 3809691597 14321 20 6 64311 0 0 60 30 45 0 0 -> 3809691597 14321 19 5 64310
1252 3809691597 14321 19 5 64310 0 0 60 30 45 0 0 -> 3809691597 14321 18 4 64309
1253 3809691597 14321 18 4 64309 0 0 60 30 45 0 0 -> 3809691597 14321 17 3 64308
1254 3809691597 14321 17 3 64308 0 0 60 30 45 0 0 -> 3809691597 14321 16 2 64307
1255 3809691597 14321 16 2 64307 0 0 60 30 45 0 0 -> 3809691597 14321 15 1 64306
1256 3809691597 14321 15 1 64306 0 0 60 30 45 0 0 -> 614742146 37864 14 31 64305
1257 614742146 37864 14 31 64305 0 0 60 30 45 0 0 -> 614742146 37864 13 30 64304
1258 614742146 37864 13 30 64304 0 0 60 30 45 0 0 -> 614742146 37864 12 29 64303
1259 614742146 37864 12 29 64303 0 0 60 30 45 0 0 -> 614742146 37864 11 28 64302
1260 614742146 37864 11 28 64302 0 0 60 30 45 0 0 -> 614742146 37864 10 27 64301
1261 614742146 37864 10 27 64301 0 0 60 30 45 0 0 -> 614742146 37864 9 26 64300
1262 614742146 37864 9 26 64300 0 0 60 30 45 0 0 -> 614742146 37864 8 25 64299
1263 614742146 37864 8 25 64299 0 0 60 30 45 0 0 -> 614742146 37864 7 24 64298
1264 614742146 37864 7 24 64298 0 0 60 30 45 0 0 -> 614742146 37864 6 23 64297
1265 614742146 37864 6 23 64297 0 0 60 30 45 0 0 -> 614742146 37864 5 22 64296
1266 614742146 37864 5 22 64296 0 0 60 30 45 0 0 -> 614742146 37864 4 21 64295
1267 614742146 37864 4 21 64295 0 0 60 30 45 0 0 -> 614742146 37864 3 20 64294
1268 614742146 37864 3 20 64294 0 0 60 30 45 0 0 -> 614742146 37864 2 19 64293
1269 614742146 37864 2 19 64293 0 0 60 30 45 0 0 -> 614742146 37864 1 18 64292
1270 614742146 37864 1 18 64292 0 0 60 30 45 0 0 -> 1504697235 18932 60 17 64291
1271 1504697235 18932 60 17 64291 0 0 60 30 45 0 0 -> 1504697235 18932 59 16 64290
1272 1504697235 18932 59 16 64290 0 0 60 30 45 0 0 -> 1504697235 18932 58 15 64289
1273 1504697235 18932 58 15 64289 0 0 60 30 45 0 0 -> 1504697235 18932 57 14 64288
1274 1504697235 18932 57 14 64288 0 0 60 30 45 0 0 -> 1504697235 18932 56 13 64287
1275 1504697235 18932 56 13 64287 0 0 60 30 45 0 0 -> 1504697235 18932 55 12 64286
1276 1504697235 18932 55 12 64286 0 0 60 30 45 0 0 -> 1504697235 18932 54 11 64285
1277 1504697235 18932 54 11 64285 0 0 60 30 45 0 0 -> 1504697235 18932 53 10 64284
1278 1504697235 18932 53 10 64284 0 0 60 30 45 0 0 -> 1504697235 18932 52 9 64283
1279 1504697235 18932 52 9 64283 0 0 60 30 45 0 0 -> 1504697235 18932 51 8 64282
1280 1504697235 18932 51 8 64282 0 0 60 30 45 0 0 -> 1504697235 18932 50 7 64281
1281 1504697235 18932 50 7 64281 0 0 60 30 45 0 0 -> 1504697235 18932 49 6 64280
1282 1504697235 18932 49 6 64280 0 0 60 30 45 0 0 -> 1504697235 18932 48 5 64279
1283 1504697235 18932 48 5 64279 0 0 60 30 45 0 0 -> 1504697235 18932 47 4 64278
1284 1504697235 18932 47 4 64278 0 0 60 30 45 0 0 -> 1504697235 18932 46 3 64277
1285 1504697235 18932 46 3 64277 0 0 60 30 45 0 0 -> 1504697235 18932 45 2 64276
1286 1504697235 18932 45 2 64276 0 0 60 30 45 0 0 -> 1504697235 18932 44 1 64275
1287 1504697235 18932 44 1 64275 0 0 60 30 45 0 0 -> 3950606288 9466 43 34 64274
1288 3950606288 9466 43 34 64274 0 0 60 30 45 0 0 -> 3950606288 9466 42 33 64273
1289 3950606288 9466 42 33 64273 0 0 60 30 45 0 0 -> 3950606288 9466 41 32 64272
1290 3950606288 9466 41 32 64272 0 0 60 30 45 0 0 -> 3950606288 9466 40 31 64271
1291 3950606288 9466 40 31 64271 0 0 60 30 45 0 0 -> 3950606288 9466 39 30 64270
1292 3950606288 9466 39 30 64270 0 0 60 30 45 0 0 -> 3950606288 9466 38 29 64269
1293 3950606288 9466 38 29 64269 0 0 60 30 45 0 0 -> 3950606288 9466 37 28 64268
1294 3950606288 9466 37 28 64268 0 0 60 30 45 0 0 -> 3950606288 9466 36 27 64267
1295 3950606288 9466 36 27 64267 0 0 60 30 45 0 0 -> 3950606288 9466 35 26 64266
1296 3950606288 9466 35 26 64266 0 0 60 30 45 0 0 -> 3950606288 9466 34 25 64265
1297 3950606288 9466 34 25 64265 0 0 60 30 45 0 0 -> 3950606288 9466 33 24 64264
1298 3950606288 9466 33 24 64264 0 0 60 30 45 0 0 -> 3950606288 9466 32 23 64263
1299 3950606288 9466 32 23 64263 0 0 60 30 45 0 0 -> 3950606288 9466 31 22 64262
1300 3950606288 9466 31 22 64262 0 0 60 30 45 0 0 -> 3950606288 9466 30 21 64261
1301 3950606288 9466 30 21 64261 0 0 60 30 45 0 0 -> 3950606288 9466 29 20 64260
1302 3950606288 9466 29 20 64260 0 0 60 30 45 0 0 -> 3950606288 9466 28 19 64259
1303 3950606288 9466 28 19 64259 0 0 60 30 45 0 0 -> 3950606288 9466 27 18 64258
1304 3950606288 9466 27 18 64258 0 0 60 30 45 0 0 -> 3950606288 9466 26 17 64257
1305 3950606288 9466 26 17 64257 0 0 60 30 45 0 0 -> 3950606288 9466 25 16 64256
1306 3950606288 9466 25 16 64256 0 0 60 30 45 0 0 -> 3950606288 9466 24 15 64255
1307 3950606288 9466 24 15 64255 0 0 60 30 45 0 0 -> 3950606288 9466 23 14 64254
1308 3950606288 9466 23 14 64254 0 0 60 30 45 0 0 -> 3950606288 9466 22 13 64253
1309 3950606288 9466 22 13 64253 0 0 60 30 45 0 0 -> 3950606288 9466 21 12 64252
1310 3950606288 9466 21 12 64252 0 0 60 30 45 0 0 -> 3950606288 9466 20 11 64251
1311 3950606288 9466 20 11 64251 0 0 60 30 45 0 0 -> 3950606288 9466 19 10 64250
1312 3950606288 9466 19 10 64250 0 0 60 30 45 0 0 -> 3950606288 9466 18 9 64249
1313 3950606288 9466 18 9 64249 0 0 60 30 45 0 0 -> 3950606288 9466 17 8 64248
1314 3950606288 9466 17 8 64248 0 0 60 30 45 0 0 -> 3950606288 9466 16 7 64247
1315 3950606288 9466 16 7 64247 0 0 60 30 45 0 0 -> 3950606288 9466 15 6 64246
1316 3950606288 9466 15 6 64246 0 0 60 30 45 0 0 -> 3950606288 9466 14 5 64245
1317 3950606288 9466 14 5 64245 0 0 60 30 45 0 0 -> 3950606288 9466 13 4 64244
1318 3950606288 9466 13 4 64244 0 0 60 30 45 0 0 -> 3950606288 9466 12 3 64243
1319 3950606288 9466 12 3 64243 0 0 60 30 45 0 0 -> 3950606288 9466 11 2 64242
1320 3950606288 9466 11 2 64242 0 0 60 30 45 0 0 -> 3950606288 9466 10 1 64241
1321 3950606288 9466 10 1 64241 0 0 60 30 45 0 0 -> 3222901705 4733 9 44 64240
1322 3222901705 4733 9 44 64240 0 0 60 30 45 0 0 -> 3222901705 4733 8 43 64239
1323 3222901705 4733 8 43 64239 0 0 60 30 45 0 0 -> 3222901705 4733 7 42 64238
1324 3222901705 4733 7 42 64238 0 0 60 30 45 0 0 -> 3222901705 4733 6 41 64237
1325 3222901705 4733 6 41 64237 0 0 60 30 45 0 0 -> 3222901705 4733 5 40 64236
1326 3222901705 4733 5 40 64236 0 0 60 30 45 0 0 -> 3222901705 4733 4 39 64235
1327 3222901705 4733 4 39 64235 0 0 60 30 45 0 0 -> 3222901705 4733 3 38 64234
1328 3222901705 4733 3 38 64234 0 0 60 30 45 0 0 -> 3222901705 4733 2 37 64233
1329 3222901705 4733 2 37 64233 0 0 60 30 45 0 0 -> 3222901705 4733 1 36 64232
1330 3222901705 4733 1 36 64232 0 0 60 30 45 0 0 -> 3965803214 33070 60 35 64231
1331 3965803214 33070 60 35 64231 0 0 60 30 45 0 0 -> 3965803214 33070 59 34 64230
1332 3965803214 33070 59 34 64230 0 0 60 30 45 0 0 -> 3965803214 33070 58 33 64229
1333 3965803214 33070 58 33 64229 0 0 60 30 45 0 0 -> 3965803214 33070 57 32 64228
1334 3965803214 33070 57 32 64228 0 0 60 30 45 0 0 -> 3965803214 33070 56 31 64227
1335 3965803214 33070 56 31 64227 0 0 60 30 45 0 0 -> 3965803214 33070 55 30 64226
1336 3965803214 33070 55 30 64226 0 0 60 30 45 0 0 -> 3965803214 33070 54 29 64225
1337 3965803214 33070 54 29 64225 0 0 60 30 45 0 0 -> 3965803214 33070 53 28 64224
1338 3965803214 33070 53 28 64224 0 0 60 30 45 0 0 -> 3965803214 33070 52 27 64223
1339 3965803214 33070 52 27 64223 0 0 60 30 45 0 0 -> 3965803214 33070 51 26 64222
1340 3965803214 33070 51 26 64222 0 0 60 30 45 0 0 -> 3965803214 33070 50 25 64221
1341 3965803214 33070 50 25 64221 0 0 60 30 45 0 0 -> 3965803214 33070 49 24 64220
1342 3965803214 33070 49 24 64220 0 0 60 30 45 0 0 -> 3965803214 33070 48 23 64219
1343 3965803214 33070 48 23 64219 0 0 60 30 45 0 0 -> 3965803214 33070 47 22 64218
1344 3965803214 33070 47 22 64218 0 0 60 30 45 0 0 -> 3965803214 33070 46 21 64217
1345 3965803214 33070 46 21 64217 0 0 60 30 45 0 0 -> 3965803214 33070 45 20 64216
1346 3965803214 33070 45 20 64216 0 0 60 30 45 0 0 -> 3965803214 33070 44 19 64215
1347 3965803214 33070 44 19 64215 0 0 60 30 45 0 0 -> 3965803214 33070 43 18 64214
1348 3965803214 33070 43 18 64214 0 0 60 30 45 0 0 -> 3965803214 33070 42 17 64213
1349 3965803214 33070 42 17 64213 0 0 60 30 45 0 0 -> 3965803214 33070 41 16 64212
1350 3965803214 33070 41 16 64212 0 0 60 30 45 0 0 -> 3965803214 33070 40 15 64211
1351 3965803214 33070 40 15 64211 0 0 60 30 45 0 0 -> 3965803214 33070 39 14 64210
1352 3965803214 33070 39 14 64210 0 0 60 30 45 0 0 -> 3965803214 33070 38 13 64209
1353 3965803214 33070 38 13 64209 0 0 60 30 45 0 0 -> 3965803214 33070 37 12 64208
1354 3965803214 33070 37 12 64208 0 0 60 30 45 0 0 -> 3965803214 33070 36 11 64207
1355 3965803214 33070 36 11 64207 0 0 60 30 45 0 0 -> 3965803214 33070 35 10 64206
1356 3965803214 33070 35 10 64206 0 0 60 30 45 0 0 -> 3965803214 33070 34 9 64205
1357 3965803214 33070 34 9 64205 0 0 60 30 45 0 0 -> 3965803214 33070 33 8 64204
1358 3965803214 33070 33 8 64204 0 0 60 30 45 0 0 -> 3965803214 33070 32 7 64203
1359 3965803214 33070 32 7 64203 0 0 60 30 45 0 0 -> 3965803214 33070 31 6 64202
1360 3965803214 33070 31 6 64202 0 0 60 30 45 0 0 -> 3965803214 33070 30 5 64201
1361 3965803214 33070 30 5 64201 0 0 60 30 45 0 0 -> 3965803214 33070 29 4 64200
1362 3965803214 33070 29 4 64200 0 0 60 30 45 0 0 -> 3965803214 33070 28 3 64199
1363 3965803214 33070 28 3 64199 0 0 60 30 45 0 0 -> 3965803214 33070 27 2 64198
1364 3965803214 33070 27 2 64198 0 0 60 30 45 0 0 -> 3965803214 33070 26 1 64197
1365 3965803214 33070 26 1 64197 0 0 60 30 45 0 0 -> 3631390191 16535 25 35 64196
1366 3631390191 16535 25 35 64196 0 0 60 30 45 0 0 -> 3631390191 16535 24 34 64195
1367 3631390191 16535 24 34 64195 0 0 60 30 45 0 0 -> 3631390191 16535 23 33 64194
1368 3631390191 16535 23 33 64194 0 0 60 30 45 0 0 -> 3631390191 16535 22 32 64193
1369 3631390191 16535 22 32 64193 0 0 60 30 45 0 0 -> 3631390191 16535 21 31 64192
1370 3631390191 16535 21 31 64192 0 0 60 30 45 0 0 -> 3631390191 16535 20 30 64191
1371 3631390191 16535 20 30 64191 0 0 60 30 45 0 0 -> 3631390191 16535 19 29 64190
1372 3631390191 16535 19 29 64190 0 0 60 30 45 0 0 -> 3631390191 16535 18 28 64189
1373 3631390191 16535 18 28 64189 0 0 60 30 45 0 0 -> 3631390191 16535 17 27 64188
1374 3631390191 16535 17 27 64188 0 0 60 30 45 0 0 -> 3631390191 16535 16 26 64187
1375 3631390191 16535 16 26 64187 0 0 60 30 45 0 0 -> 3631390191 16535 15 25 64186
1376 3631390191 16535 15 25 64186 0 0 60 30 45 0 0 -> 3631390191 16535 14 24 64185
1377 3631390191 16535 14 24 64185 0 0 60 30 45 0 0 -> 3631390191 16535 13 23 64184
1378 3631390191 16535 13 23 64184 0 0 60 30 45 0 0 -> 3631390191 16535 12 22 64183
1379 3631390191 16535 12 22 64183 0 0 60 30 45 0 0 -> 3631390191 16535 11 21 64182
1380 3631390191 16535 11 21 64182 0 0 60 30 45 0 0 -> 3631390191 16535 10 20 64181
1381 3631390191 16535 10 20 64181 0 0 60 30 45 0 0 -> 3631390191 16535 9 19 64180
1382 3631390191 16535 9 19 64180 0 0 60 30 45 0 0 -> 3631390191 16535 8 18 64179
1383 3631390191 16535 8 18 64179 0 0 60 30 45 0 0 -> 3631390191 16535 7 17 64178
1384 3631390191 16535 7 17 64178 0 0 60 30 45 0 0 -> 3631390191 16535 6 16 64177
1385 3631390191 16535 6 16 64177 0 0 60 30 45 0 0 -> 3631390191 16535 5 15 64176
1386 3631390191 16535 5 15 64176 0 0 60 30 45 0 0 -> 3631390191 16535 4 14 64175
1387 3631390191 16535 4 14 64175 0 0 60 30 45 0 0 -> 3631390191 16535 3 13 64174
1388 3631390191 16535 3 13 64174 0 0 60 30 45 0 0 -> 3631390191 16535 2 12 64173
1389 3631390191 16535 2 12 64173 0 0 60 30 45 0 0 -> 3631390191 16535 1 11 64172
1390 3631390191 16535 1 11 64172 0 0 60 30 45 0 0 -> 3938861308 43099 60 10 64171
1391 3938861308 43099 60 10 64171 0 0 60 30 45 0 0 -> 3938861308 43099 59 9 64170
1392 3938861308 43099 59 9 64170 0 0 60 30 45 0 0 -> 3938861308 43099 58 8 64169
1393 3938861308 43099 58 8 64169 0 0 60 30 45 0 0 -> 3938861308 43099 57 7 64168
1394 3938861308 43099 57 7 64168 0 0 60 30 45 0 0 -> 3938861308 43099 56 6 64167
1395 3938861308 43099 56 6 64167 0 0 60 30 45 0 0 -> 3938861308 43099 55 5 64166
1396 3938861308 43099 55 5 64166 0 0 60 30 45 0 0 -> 3938861308 43099 54 4 64165
1397 3938861308 43099 54 4 64165 0 0 60 30 45 0 0 -> 3938861308 43099 53 3 64164
1398 3938861308 43099 53 3 64164 0 0 60 30 45 0 0 -> 3938861308 43099 52 2 64163
1399 3938861308 43099 52 2 64163 0 0 60 30 45 0 0 -> 3938861308 43099 51 1 64162
1400 3938861308 43099 51 1 64162 0 0 60 30 45 0 0 -> 2636030853 56381 50 32 64161
1401 2636030853 56381 50 32 64161 0 0 60 30 45 0 0 -> 2636030853 56381 49 31 64160
1402 2636030853 56381 49 31 64160 0 0 60 30 45 0 0 -> 2636030853 56381 48 30 64159
1403 2636030853 56381 48 30 64159 0 0 60 30 45 0 0 -> 2636030853 56381 47 29 64158
1404 2636030853 56381 47 29 64158 0 0 60 30 45 0 0 -> 2636030853 56381 46 28 64157
1405 2636030853 56381 46 28 64157 0 0 60 30 45 0 0 -> 2636030853 56381 45 27 64156
1406 2636030853 56381 45 27 64156 0 0 60 30 45 0 0 -> 2636030853 56381 44 26 64155
1407 2636030853 56381 44 26 64155 0 0 60 30 45 0 0 -> 2636030853 56381 43 25 64154
1408 2636030853 56381 43 25 64154 0 0 60 30 45 0 0 -> 2636030853 56381 42 24 64153
1409 2636030853 56381 42 24 64153 0 0 60 30 45 0 0 -> 2636030853 56381 41 23 64152
1410 2636030853 56381 41 23 64152 0 0 60 30 45 0 0 -> 2636030853 56381 40 22 64151
1411 2636030853 56381 40 22 64151 0 0 60 30 45 0 0 -> 2636030853 56381 39 21 64150
1412 2636030853 56381 39 21 64150 0 0 60 30 45 0 0 -> 2636030853 56381 38 20 64149
1413 2636030853 56381 38 20 64149 0 0 60 30 45 0 0 -> 2636030853 56381 37 19 64148
1414 2636030853 56381 37 19 64148 0 0 60 30 45 0 0 -> 2636030853 56381 36 18 64147
1415 2636030853 56381 36 18 64147 0 0 60 30 45 0 0 -> 2636030853 56381 35 17 64146
1416 2636030853 56381 35 17 64146 0 0 60 30 45 0 0 -> 2636030853 56381 34 16 64145
1417 2636030853 56381 34 16 64145 0 0 60 30 45 0 0 -> 2636030853 56381 33 15 64144
1418 2636030853 56381 33 15 64144 0 0 60 30 45 0 0 -> 2636030853 56381 32 14 64143
1419 2636030853 56381 32 14 64143 0 0 60 30 45 0 0 -> 2636030853 56381 31 13 64142
1420 2636030853 56381 31 13 64142 0 0 60 30 45 0 0 -> 2636030853 56381 30 12 64141
1421 2636030853 56381 30 12 64141 0 0 60 30 45 0 0 -> 2636030853 56381 29 11 64140
1422 2636030853 56381 29 11 64140 0 0 60 30 45 0 0 -> 2636030853 56381 28 10 64139
1423 2636030853 56381 28 10 64139 0 0 60 30 45 0 0 -> 2636030853 56381 27 9 64138
1424 2636030853 56381 27 9 64138 0 0 60 30 45 0 0 -> 2636030853 56381 26 8 64137
1425 2636030853 56381 26 8 64137 0 0 60 30 45 0 0 -> 2636030853 56381 25 7 64136
1426 2636030853 56381 25 7 64136 0 0 60 30 45 0 0 -> 2636030853 56381 24 6 64135
1427 2636030853 56381 24 6 64135 0 0 60 30 45 0 0 -> 2636030853 56381 23 5 64134
1428 2636030853 56381 23 5 64134 0 0 60 30 45 0 0 -> 2636030853 56381 22 4 64133
1429 2636030853 56381 22 4 64133 0 0 60 30 45 0 0 -> 2636030853 56381 21 3 64132
1430 2636030853 56381 21 3 64132 0 0 60 30 45 0 0 -> 2636030853 56381 20 2 64131
1431 2636030853 56381 20 2 64131 0 0 60 30 45 0 0 -> 2636030853 56381 19 1 64130
1432 2636030853 56381 19 1 64130 0 0 60 30 45 0 0 -> 2042385882 58894 18 39 64129
1433 2042385882 58894 18 39 64129 0 0 60 30 45 0 0 -> 2042385882 58894 17 38 64128
1434 2042385882 58894 17 38 64128 0 0 60 30 45 0 0 -> 2042385882 58894 16 37 64127
1435 2042385882 58894 16 37 64127 0 0 60 30 45 0 0 -> 2042385882 58894 15 36 64126
1436 2042385882 58894 15 36 64126 0 0 60 30 45 0 0 -> 2042385882 58894 14 35 64125
1437 2042385882 58894 14 35 64125 0 0 60 30 45 0 0 -> 2042385882 58894 13 34 64124
1438 2042385882 58894 13 34 64124 0 0 60 30 45 0 0 -> 2042385882 58894 12 33 64123
1439 2042385882 58894 12 33 64123 0 0 60 30 45 0 0 -> 2042385882 58894 11 32 64122
1440 2042385882 58894 11 32 64122 0 0 60 30 45 0 0 -> 2042385882 58894 10 31 64121
1441 2042385882 58894 10 31 64121 0 0 60 30 45 0 0 -> 2042385882 58894 9 30 64120
1442 2042385882 58894 9 30 64120 0 0 60 30 45 0 0 -> 2042385882 58894 8 29 64119
1443 2042385882 58894 8 29 64119 0 0 60 30 45 0 0 -> 2042385882 58894 7 28 64118
1444 2042385882 58894 7 28 64118 0 0 60 30 45 0 0 -> 2042385882 58894 6 27 64117
1445 2042385882 58894 6 27 64117 0 0 60 30 45 0 0 -> 2042385882 58894 5 26 64116
1446 2042385882 58894 5 26 64116 0 0 60 30 45 0 0 -> 2042385882 58894 4 25 64115
1447 2042385882 58894 4 25 64115 0 0 60 30 45 0 0 -> 2042385882 58894 3 24 64114
1448 2042385882 58894 3 24 64114 0 0 60 30 45 0 0 -> 2042385882 58894 2 23 64113
1449 2042385882 58894 2 23 64113 0 0 60 30 45 0 0 -> 2042385882 58894 1 22 64112
1450 2042385882 58894 1 22 64112 0 0 60 30 45 0 0 -> 4160039435 29447 60 21 64111
1451 4160039435 29447 60 21 64111 0 0 60 30 45 0 0 -> 4160039435 29447 59 20 64110
1452 4160039435 29447 59 20 64110 0 0 60 30 45 0 0 -> 4160039435 29447 58 19 64109
1453 4160039435 29447 58 19 64109 0 0 60 30 45 0 0 -> 4160039435 29447 57 18 64108
1454 4160039435 29447 57 18 64108 0 0 60 30 45 0 0 -> 4160039435 29447 56 17 64107
1455 4160039435 29447 56 17 64107 0 0 60 30 45 0 0 -> 4160039435 29447 55 16 64106
1456 4160039435 29447 55 16 64106 0 0 60 30 45 0 0 -> 4160039435 29447 54 15 64105
1457 4160039435 29447 54 15 64105 0 0 60 30 45 0 0 -> 4160039435 29447 53 14 64104
1458 4160039435 29447 53 14 64104 0 0 60 30 45 0 0 -> 4160039435 29447 52 13 64103
1459 4160039435 29447 52 13 64103 0 0 60 30 45 0 0 -> 4160039435 29447 51 12 64102
1460 4160039435 29447 51 12 64102 0 0 60 30 45 0 0 -> 4160039435 29447 50 11 64101
1461 4160039435 29447 50 11 64101 0 0 60 30 45 0 0 -> 4160039435 29447 49 10 64100
1462 4160039435 29447 49 10 64100 0 0 60 30 45 0 0 -> 4160039435 29447 48 9 64099
1463 4160039435 29447 48 9 64099 0 0 60 30 45 0 0 -> 4160039435 29447 47 8 64098
1464 4160039435 29447 47 8 64098 0 0 60 30 45 0 0 -> 4160039435 29447 46 7 64097
1465 4160039435 29447 46 7 64097 0 0 60 30 45 0 0 -> 4160039435 29447 45 6 64096
1466 4160039435 29447 45 6 64096 0 0 60 30 45 0 0 -> 4160039435 29447 44 5 64095
1467 4160039435 29447 44 5 64095 0 0 60 30 45 0 0 -> 4160039435 29447 43 4 64094
1468 4160039435 29447 43 4 64094 0 0 60 30 45 0 0 -> 4160039435 29447 42 3 64093
1469 4160039435 29447 42 3 64093 0 0 60 30 45 0 0 -> 4160039435 29447 41 2 64092
1470 4160039435 29447 41 2 64092 0 0 60 30 45 0 0 -> 4160039435 29447 40 1 64091
1471 4160039435 29447 40 1 64091 0 0 60 30 45 0 0 -> 2511630568 45459 39 39 64090
1472 2511630568 45459 39 39 64090 0 0 60 30 45 0 0 -> 2511630568 45459 38 38 64089
1473 2511630568 45459 38 38 64089 0 0 60 30 45 0 0 -> 2511630568 45459 37 37 64088
1474 2511630568 45459 37 37 64088 0 0 60 30 45 0 0 -> 2511630568 45459 36 36 64087
1475 2511630568 45459 36 36 64087 0 0 60 30 45 0 0 -> 2511630568 45459 35 35 64086
1476 2511630568 45459 35 35 64086 0 0 60 30 45 0 0 -> 2511630568 45459 34 34 64085
1477 2511630568 45459 34 34 64085 0 0 60 30 45 0 0 -> 2511630568 45459 33 33 64084
1478 2511630568 45459 33 33 64084 0 0 60 30 45 0 0 -> 2511630568 45459 32 32 64083
1479 2511630568 45459 32 32 64083 0 0 60 30 45 0 0 -> 2511630568 45459 31 31 64082
1480 2511630568 45459 31 31 64082 0 0 60 30 45 0 0 -> 2511630568 45459 30 30 64081
1481 2511630568 45459 30 30 64081 0 0 60 30 45 0 0 -> 2511630568 45459 29 29 64080
1482 2511630568 45459 29 29 64080 0 0 60 30 45 0 0 -> 2511630568 45459 28 28 64079
1483 2511630568 45459 28 28 64079 0 0 60 30 45 0 0 -> 2511630568 45459 27 27 64078
1484 2511630568 45459 27 27 64078 0 0 60 30 45 0 0 -> 2511630568 45459 26 26 64077
1485 2511630568 45459 26 26 64077 0 0 60 30 45 0 0 -> 2511630568 45459 25 25 64076
1486 2511630568 45459 25 25 64076 0 0 60 30 45 0 0 -> 2511630568 45459 24 24 64075
1487 2511630568 45459 24 24 64075 0 0 60 30 45 0 0 -> 2511630568 45459 23 23 64074
1488 2511630568 45459 23 23 64074 0 0 60 30 45 0 0 -> 2511630568 45459 22 22 64073
1489 2511630568 45459 22 22 64073 0 0 60 30 45 0 0 -> 2511630568 45459 21 21 64072
1490 2511630568 45459 21 21 64072 0 0 60 30 45 0 0 -> 2511630568 45459 20 20 64071
1491 2511630568 45459 20 20 64071 0 0 60 30 45 0 0 -> 2511630568 45459 19 19 64070
1492 2511630568 45459 19 19 64070 0 0 60 30 45 0 0 -> 2511630568 45459 18 18 64069
1493 2511630568 45459 18 18 64069 0 0 60 30 45 0 0 -> 2511630568 45459 17 17 64068
1494 2511630568 45459 17 17 64068 0 0 60 30 45 0 0 -> 2511630568 45459 16 16 64067
1495 2511630568 45459 16 16 64067 0 0 60 30 45 0 0 -> 2511630568 45459 15 15 64066
1496 2511630568 45459 15 15 64066 0 0 60 30 45 0 0 -> 2511630568 45459 14 14 64065
1497 2511630568 45459 14 14 64065 0 0 60 30 45 0 0 -> 2511630568 45459 13 13 64064
1498 2511630568 45459 13 13 64064 0 0 60 30 45 0 0 -> 2511630568 45459 12 12 64063
1499 2511630568 45459 12 12 64063 0 0 60 30 45 0 0 -> 2511630568 45459 11 11 64062
1500 2511630568 45459 11 11 64062 0 0 60 30 45 0 0 -> 2511630568 45459 10 10 64061
1501 2511630568 45459 10 10 64061 0 0 60 30 45 0 0 -> 2511630568 45459 9 9 64060
1502 2511630568 45459 9 9 64060 0 0 60 30 45 0 0 -> 2511630568 45459 8 8 64059
1503 2511630568 45459 8 8 64059 0 0 60 30 45 0 0 -> 2511630568 45459 7 7 64058
1504 2511630568 45459 7 7 64058 0 0 60 30 45 0 0 -> 2511630568 45459 6 6 64057
1505 2511630568 45459 6 6 64057 0 0 60 30 45 0 0 -> 2511630568 45459 5 5 64056
1506 2511630568 45459 5 5 64056 0 0 60 30 45 0 0 -> 2511630568 45459 4 4 64055
1507 2511630568 45459 4 4 64055 0 0 60 30 45 0 0 -> 2511630568 45459 3 3 64054
1508 2511630568 45459 3 3 64054 0 0 60 30 45 0 0 -> 2511630568 45459 2 2 64053
1509 2511630568 45459 2 2 64053 0 0 60 30 45 0 0 -> 2511630568 45459 1 1 64052
1510 2511630568 45459 1 1 64052 0 0 60 30 45 0 0 -> 161084838 57468 60 43 64051
1511 161084838 57468 60 43 64051 0 0 60 30 45 0 0 -> 161084838 57468 59 42 64050
1512 161084838 57468 59 42 64050 0 0 60 30 45 0 0 -> 161084838 57468 58 41 64049
1513 161084838 57468 58 41 64049 0 0 60 30 45 0 0 -> 161084838 57468 57 40 64048
1514 161084838 57468 57 40 64048 0 0 60 30 45 0 0 -> 161084838 57468 56 39 64047
1515 161084838 57468 56 39 64047 0 0 60 30 45 0 0 -> 161084838 57468 55 38 64046
1516 161084838 57468 55 38 64046 0 0 60 30 45 0 0 -> 161084838 57468 54 37 64045
1517 161084838 57468 54 37 64045 0 0 60 30 45 0 0 -> 161084838 57468 53 36 64044
1518 161084838 57468 53 36 64044 0 0 60 30 45 0 0 -> 161084838 57468 52 35 64043
1519 161084838 57468 52 35 64043 0 0 60 30 45 0 0 -> 161084838 57468 51 34 64042
1520 161084838 57468 51 34 64042 0 0 60 30 45 0 0 -> 161084838 57468 50 33 64041
1521 161084838 57468 50 33 64041 0 0 60 30 45 0 0 -> 161084838 57468 49 32 64040
1522 161084838 57468 49 32 64040 0 0 60 30 45 0 0 -> 161084838 57468 48 31 64039
1523 161084838 57468 48 31 64039 0 0 60 30 45 0 0 -> 161084838 57468 47 30 64038
1524 161084838 57468 47 30 64038 0 0 60 30 45 0 0 -> 161084838 57468 46 29 64037
1525 161084838 57468 46 29 64037 0 0 60 30 45 0 0 -> 161084838 57468 45 28 64036
1526 161084838 57468 45 28 64036 0 0 60 30 45 0 0 -> 161084838 57468 44 27 64035
1527 161084838 57468 44 27 64035 0 0 60 30 45 0 0 -> 161084838 57468 43 26 64034
1528 161084838 57468 43 26 64034 0 0 60 30 45 0 0 -> 161084838 57468 42 25 64033
1529 161084838 57468 42 25 64033 0 0 60 30 45 0 0 -> 161084838 57468 41 24 64032
1530 161084838 57468 41 24 64032 0 0 60 30 45 0 0 -> 161084838 57468 40 23 64031
1531 161084838 57468 40 23 64031 0 0 60 30 45 0 0 -> 161084838 57468 39 22 64030
1532 161084838 57468 39 22 64030 0 0 60 30 45 0 0 -> 161084838 57468 38 21 64029
1533 161084838 57468 38 21 64029 0 0 60 30 45 0 0 -> 161084838 57468 37 20 64028
1534 161084838 57468 37 20 64028 0 0 60 30 45 0 0 -> 161084838 57468 36 19 64027
1535 161084838 57468 36 19 64027 0 0 60 30 45 0 0 -> 161084838 57468 35 18 64026
1536 161084838 57468 35 18 64026 0 0 60 30 45 0 0 -> 161084838 57468 34 17 64025
1537 161084838 57468 34 17 64025 0 0 60 30 45 0 0 -> 161084838 57468 33 16 64024
1538 161084838 57468 33 16 64024 0 0 60 30 45 0 0 -> 161084838 57468 32 15 64023
1539 161084838 57468 32 15 64023 0 0 60 30 45 0 0 -> 161084838 57468 31 14 64022
1540 161084838 57468 31 14 64022 0 0 60 30 45 0 0 -> 161084838 57468 30 13 64021
1541 161084838 57468 30 13 64021 0 0 60 30 45 0 0 -> 161084838 57468 29 12 64020
1542 161084838 57468 29 12 64020 0 0 60 30 45 0 0 -> 161084838 57468 28 11 64019
1543 161084838 57468 28 11 64019 0 0 60 30 45 0 0 -> 161084838 57468 27 10 64018
1544 161084838 57468 27 10 64018 0 0 60 30 45 0 0 -> 161084838 57468 26 9 64017
1545 161084838 57468 26 9 64017 0 0 60 30 45 0 0 -> 161084838 57468 25 8 64016
1546 161084838 57468 25 8 64016 0 0 60 30 45 0 0 -> 161084838 57468 24 7 64015
1547 161084838 57468 24 7 64015 0 0 60 30 45 0 0 -> 161084838 57468 23 6 64014
1548 161084838 57468 23 6 64014 0 0 60 30 45 0 0 -> 161084838 57468 22 5 64013
1549 161084838 57468 22 5 64013 0 0 60 30 45 0 0 -> 161084838 57468 21 4 64012
1550 161084838 57468 21 4 64012 0 0 60 30 45 0 0 -> 161084838 57468 20 3 64011
1551 161084838 57468 20 3 64011 0 0 60 30 45 0 0 -> 161084838 57468 19 2 64010
1552 161084838 57468 19 2 64010 0 0 60 30 45 0 0 -> 161084838 57468 18 1 64009
1553 161084838 57468 18 1 64009 0 0 60 30 45 0 0 -> 600464359 28734 17 36 64008
1554 600464359 28734 17 36 64008 0 0 60 30 45 0 0 -> 600464359 28734 16 35 64007
1555 600464359 28734 16 35 64007 0 0 60 30 45 0 0 -> 600464359 28734 15 34 64006
1556 600464359 28734 15 34 64006 0 0 60 30 45 0 0 -> 600464359 28734 14 33 64005
1557 600464359 28734 14 33 64005 0 0 60 30 45 0 0 -> 600464359 28734 13 32 64004
1558 600464359 28734 13 32 64004 0 0 60 30 45 0 0 -> 600464359 28734 12 31 64003
1559 600464359 28734 12 31 64003 0 0 60 30 45 0 0 -> 600464359 28734 11 30 64002
1560 600464359 28734 11 30 64002 0 0 60 30 45 0 0 -> 600464359 28734 10 29 64001
1561 600464359 28734 10 29 64001 0 0 60 30 45 0 0 -> 600464359 28734 9 28 64000
1562 600464359 28734 9 28 64000 0 0 60 30 45 0 0 -> 600464359 28734 8 27 63999
1563 600464359 28734 8 27 63999 0 0 60 30 45 0 0 -> 600464359 28734 7 26 63998
1564 600464359 28734 7 26 63998 0 0 60 30 45 0 0 -> 600464359 28734 6 25 63997
1565 600464359 28734 6 25 63997 0 0 60 30 45 0 0 -> 600464359 28734 5 24 63996
1566 600464359 28734 5 24 63996 0 0 60 30 45 0 0 -> 600464359 28734 4 23 63995
1567 600464359 28734 4 23 63995 0 0 60 30 45 0 0 -> 600464359 28734 3 22 63994
1568 600464359 28734 3 22 63994 0 0 60 30 45 0 0 -> 600464359 28734 2 21 63993
1569 600464359 28734 2 21 63993 0 0 60 30 45 0 0 -> 600464359 28734 1 20 63992
1570 600464359 28734 1 20 63992 0 0 60 30 45 0 0 -> 2698228628 14367 60 19 63991
1571 2698228628 14367 60 19 63991 0 0 60 30 45 0 0 -> 2698228628 14367 59 18 63990
1572 2698228628 14367 59 18 63990 0 0 60 30 45 0 0 -> 2698228628 14367 58 17 63989
1573 2698228628 14367 58 17 63989 0 0 60 30 45 0 0 -> 2698228628 14367 57 16 63988
1574 2698228628 14367 57 16 63988 0 0 60 30 45 0 0 -> 2698228628 14367 56 15 63987
1575 2698228628 14367 56 15 63987 0 0 60 30 45 0 0 -> 2698228628 14367 55 14 63986
1576 2698228628 14367 55 14 63986 0 0 60 30 45 0 0 -> 2698228628 14367 54 13 63985
1577 2698228628 14367 54 13 63985 0 0 60 30 45 0 0 -> 2698228628 14367 53 12 63984
1578 2698228628 14367 53 12 63984 0 0 60 30 45 0 0 -> 2698228628 14367 52 11 63983
1579 2698228628 14367 52 11 63983 0 0 60 30 45 0 0 -> 2698228628 14367 51 10 63982
1580 2698228628 14367 51 10 63982 0 0 60 30 45 0 0 -> 2698228628 14367 50 9 63981
1581 2698228628 14367 50 9 63981 0 0 60 30 45 0 0 -> 2698228628 14367 49 8 63980
1582 2698228628 14367 49 8 63980 0 0 60 30 45 0 0 -> 2698228628 14367 48 7 63979
1583 2698228628 14367 48 7 63979 0 0 60 30 45 0 0 -> 2698228628 14367 47 6 63978
1584 2698228628 14367 47 6 63978 0 0 60 30 45 0 0 -> 2698228628 14367 46 5 63977
1585 2698228628 14367 46 5 63977 0 0 60 30 45 0 0 -> 2698228628 14367 45 4 63976
1586 2698228628 14367 45 4 63976 0 0 60 30 45 0 0 -> 2698228628 14367 44 3 63975
1587 2698228628 14367 44 3 63975 0 0 60 30 45 0 0 -> 2698228628 14367 43 2 63974
1588 2698228628 14367 43 2 63974 0 0 60 30 45 0 0 -> 2698228628 14367 42 1 63973
1589 2698228628 14367 42 1 63973 0 0 60 30 45 0 0 -> 1934802493 37919 41 31 63972
1590 1934802493 37919 41 31 63972 0 0 60 30 45 0 0 -> 1934802493 37919 40 30 63971
1591 1934802493 37919 40 30 63971 0 0 60 30 45 0 0 -> 1934802493 37919 39 29 63970
1592 1934802493 37919 39 29 63970 0 0 60 30 45 0 0 -> 1934802493 37919 38 28 63969
1593 1934802493 37919 38 28 63969 0 0 60 30 45 0 0 -> 1934802493 37919 37 27 63968
1594 1934802493 37919 37 27 63968 0 0 60 30 45 0 0 -> 1934802493 37919 36 26 63967
1595 1934802493 37919 36 26 63967 0 0 60 30 45 0 0 -> 1934802493 37919 35 25 63966
1596 1934802493 37919 35 25 63966 0 0 60 30 45 0 0 -> 1934802493 37919 34 24 63965
1597 1934802493 37919 34 24 63965 0 0 60 30 45 0 0 -> 1934802493 37919 33 23 63964
1598 1934802493 37919 33 23 63964 0 0 60 30 45 0 0 -> 1934802493 37919 32 22 63963
1599 1934802493 37919 32 22 63963 0 0 60 30 45 0 0 -> 1934802493 37919 31 21 63962
1600 1934802493 37919 31 21 63962 0 0 60 30 45 0 0 -> 1934802493 37919 30 20 63961
1601 1934802493 37919 30 20 63961 0 0 60 30 45 0 0 -> 1934802493 37919 29 19 63960
1602 1934802493 37919 29 19 63960 0 0 60 30 45 0 0 -> 1934802493 37919 28 18 63959
1603 1934802493 37919 28 18 63959 0 0 60 30 45 0 0 -> 1934802493 37919 27 17 63958
1604 1934802493 37919 27 17 63958 0 0 60 30 45 0 0 -> 1934802493 37919 26 16 63957
1605 1934802493 37919 26 16 63957 0 0 60 30 45 0 0 -> 1934802493 37919 25 15 63956
1606 1934802493 37919 25 15 63956 0 0 60 30 45 0 0 -> 1934802493 37919 24 14 63955
1607 1934802493 37919 24 14 63955 0 0 60 30 45 0 0 -> 1934802493 37919 23 13 63954
1608 1934802493 37919 23 13 63954 0 0 60 30 45 0 0 -> 1934802493 37919 22 12 63953
1609 1934802493 37919 22 12 63953 0 0 60 30 45 0 0 -> 1934802493 37919 21 11 63952
1610 1934802493 37919 21 11 63952 0 0 60 30 45 0 0 -> 1934802493 37919 20 10 63951
1611 1934802493 37919 20 10 63951 0 0 60 30 45 0 0 -> 1934802493 37919 19 9 63950
1612 1934802493 37919 19 9 63950 0 0 60 30 45 0 0 -> 1934802493 37919 18 8 63949
1613 1934802493 37919 18 8 63949 0 0 60 30 45 0 0 -> 1934802493 37919 17 7 63948
1614 1934802493 37919 17 7 63948 0 0 60 30 45 0 0 -> 1934802493 37919 16 6 63947
1615 1934802493 37919 16 6 63947 0 0 60 30 45 0 0 -> 1934802493 37919 15 5 63946
1616 1934802493 37919 15 5 63946 0 0 60 30 45 0 0 -> 1934802493 37919 14 4 63945
1617 1934802493 37919 14 4 63945 0 0 60 30 45 0 0 -> 1934802493 37919 13 3 63944
1618 1934802493 37919 13 3 63944 0 0 60 30 45 0 0 -> 1934802493 37919 12 2 63943
1619 1934802493 37919 12 2 63943 0 0 60 30 45 0 0 -> 1934802493 37919 11 1 63942
1620 1934802493 37919 11 1 63942 0 0 60 30 45 0 0 -> 4032808498 49695 10 36 63941
1621 4032808498 49695 10 36 63941 0 0 60 30 45 0 0 -> 4032808498 49695 9 35 63940
1622 4032808498 49695 9 35 63940 0 0 60 30 45 0 0 -> 4032808498 49695 8 34 63939
1623 4032808498 49695 8 34 63939 0 0 60 30 45 0 0 -> 4032808498 49695 7 33 63938
1624 4032808498 49695 7 33 63938 0 0 60 30 45 0 0 -> 4032808498 49695 6 32 63937
1625 4032808498 49695 6 32 63937 0 0 60 30 45 0 0 -> 4032808498 49695 5 31 63936
1626 4032808498 49695 5 31 63936 0 0 60 30 45 0 0 -> 4032808498 49695 4 30 63935
1627 4032808498 49695 4 30 63935 0 0 60 30 45 0 0 -> 4032808498 49695 3 29 63934
1628 4032808498 49695 3 29 63934 0 0 60 30 45 0 0 -> 4032808498 49695 2 28 63933
1629 4032808498 49695 2 28 63933 0 0 60 30 45 0 0 -> 4032808498 49695 1 27 63932
1630 4032808498 49695 1 27 63932 0 0 60 30 45 0 0 -> 2211893123 59679 60 26 63931
1631 2211893123 59679 60 26 63931 0 0 60 30 45 0 0 -> 2211893123 59679 59 25 63930
1632 2211893123 59679 59 25 63930 0 0 60 30 45 0 0 -> 2211893123 59679 58 24 63929
1633 2211893123 59679 58 24 63929 0 0 60 30 45 0 0 -> 2211893123 59679 57 23 63928
1634 2211893123 59679 57 23 63928 0 0 60 30 45 0 0 -> 2211893123 59679 56 22 63927
1635 2211893123 59679 56 22 63927 0 0 60 30 45 0 0 -> 2211893123 59679 55 21 63926
1636 2211893123 59679 55 21 63926 0 0 60 30 45 0 0 -> 2211893123 59679 54 20 63925
1637 2211893123 59679 54 20 63925 0 0 60 30 45 0 0 -> 2211893123 59679 53 19 63924
1638 2211893123 59679 53 19 63924 0 0 60 30 45 0 0 -> 2211893123 59679 52 18 63923
1639 2211893123 59679 52 18 63923 0 0 60 30 45 0 0 -> 2211893123 59679 51 17 63922
1640 2211893123 59679 51 17 63922 0 0 60 30 45 0 0 -> 2211893123 59679 50 16 63921
1641 2211893123 59679 50 16 63921 0 0 60 30 45 0 0 -> 2211893123 59679 49 15 63920
1642 2211893123 59679 49 15 63920 0 0 60 30 45 0 0 -> 2211893123 59679 48 14 63919
1643 2211893123 59679 48 14 63919 0 0 60 30 45 0 0 -> 2211893123 59679 47 13 63918
1644 2211893123 59679 47 13 63918 0 0 60 30 45 0 0 -> 2211893123 59679 46 12 63917
1645 2211893123 59679 46 12 63917 0 0 60 30 45 0 0 -> 2211893123 59679 45 11 63916
1646 2211893123 59679 45 11 63916 0 0 60 30 45 0 0 -> 2211893123 59679 44 10 63915
1647 2211893123 59679 44 10 63915 0 0 60 30 45 0 0 -> 2211893123 59679 43 9 63914
1648 2211893123 59679 43 9 63914 0 0 60 30 45 0 0 -> 2211893123 59679 42 8 63913
1649 2211893123 59679 42 8 63913 0 0 60 30 45 0 0 -> 2211893123 59679 41 7 63912
1650 2211893123 59679 41 7 63912 0 0 60 30 45 0 0 -> 2211893123 59679 40 6 63911
1651 2211893123 59679 40 6 63911 0 0 60 30 45 0 0 -> 2211893123 59679 39 5 63910
1652 2211893123 59679 39 5 63910 0 0 60 30 45 0 0 -> 2211893123 59679 38 4 63909
1653 2211893123 59679 38 4 63909 0 0 60 30 45 0 0 -> 2211893123 59679 37 3 63908
1654 2211893123 59679 37 3 63908 0 0 60 30 45 0 0 -> 2211893123 59679 36 2 63907
1655 2211893123 59679 36 2 63907 0 0 60 30 45 0 0 -> 2211893123 59679 35 1 63906
1656 2211893123 59679 35 1 63906 0 0 60 30 45 0 0 -> 1476556032 64671 34 43 63905
1657 1476556032 64671 34 43 63905 0 0 60 30 45 0 0 -> 1476556032 64671 33 42 63904
1658 1476556032 64671 33 42 63904 0 0 60 30 45 0 0 -> 1476556032 64671 32 41 63903
1659 1476556032 64671 32 41 63903 0 0 60 30 45 0 0 -> 1476556032 64671 31 40 63902
1660 1476556032 64671 31 40 63902 0 0 60 30 45 0 0 -> 1476556032 64671 30 39 63901
1661 1476556032 64671 30 39 63901 0 0 60 30 45 0 0 -> 1476556032 64671 29 38 63900
1662 1476556032 64671 29 38 63900 0 0 60 30 45 0 0 -> 1476556032 64671 28 37 63899
1663 1476556032 64671 28 37 63899 0 0 60 30 45 0 0 -> 1476556032 64671 27 36 63898
1664 1476556032 64671 27 36 63898 0 0 60 30 45 0 0 -> 1476556032 64671 26 35 63897
1665 1476556032 64671 26 35 63897 0 0 60 30 45 0 0 -> 1476556032 64671 25 34 63896
1666 1476556032 64671 25 34 63896 0 0 60 30 45 0 0 -> 1476556032 64671 24 33 63895
1667 1476556032 64671 24 33 63895 0 0 60 30 45 0 0 -> 1476556032 64671 23 32 63894
1668 1476556032 64671 23 32 63894 0 0 60 30 45 0 0 -> 1476556032 64671 22 31 63893
1669 1476556032 64671 22 31 63893 0 0 60 30 45 0 0 -> 1476556032 64671 21 30 63892
1670 1476556032 64671 21 30 63892 0 0 60 30 45 0 0 -> 1476556032 64671 20 29 63891
1671 1476556032 64671 20 29 63891 0 0 60 30 45 0 0 -> 1476556032 64671 19 28 63890
1672 1476556032 64671 19 28 63890 0 0 60 30 45 0 0 -> 1476556032 64671 18 27 63889
1673 1476556032 64671 18 27 63889 0 0 60 30 45 0 0 -> 1476556032 64671 17 26 63888
1674 1476556032 64671 17 26 63888 0 0 60 30 45 0 0 -> 1476556032 64671 16 25 63887
1675 1476556032 64671 16 25 63887 0 0 60 30 45 0 0 -> 1476556032 64671 15 24 63886
1676 1476556032 64671 15 24 63886 0 0 60 30 45 0 0 -> 1476556032 64671 14 23 63885
1677 1476556032 64671 14 23 63885 0 0 60 30 45 0 0 -> 1476556032 64671 13 22 63884
1678 1476556032 64671 13 22 63884 0 0 60 30 45 0 0 -> 1476556032 64671 12 21 63883
1679 1476556032 64671 12 21 63883 0 0 60 30 45 0 0 -> 1476556032 64671 11 20 63882
1680 1476556032 64671 11 20 63882 0 0 60 30 45 0 0 -> 1476556032 64671 10 19 63881
1681 1476556032 64671 10 19 63881 0 0 60 30 45 0 0 -> 1476556032 64671 9 18 63880
1682 1476556032 64671 9 18 63880 0 0 60 30 45 0 0 -> 1476556032 64671 8 17 63879
1683 1476556032 64671 8 17 63879 0 0 60 30 45 0 0 -> 1476556032 64671 7 16 63878
1684 1476556032 64671 7 16 63878 0 0 60 30 45 0 0 -> 1476556032 64671 6 15 63877
1685 1476556032 64671 6 15 63877 0 0 60 30 45 0 0 -> 1476556032 64671 5 14 63876
1686 1476556032 64671 5 14 63876 0 0 60 30 45 0 0 -> 1476556032 64671 4 13 63875
1687 1476556032 64671 4 13 63875 0 0 60 30 45 0 0 -> 1476556032 64671 3 12 63874
1688 1476556032 64671 3 12 63874 0 0 60 30 45 0 0 -> 1476556032 64671 2 11 63873
1689 1476556032 64671 2 11 63873 0 0 60 30 45 0 0 -> 1476556032 64671 1 10 63872
1690 1476556032 64671 1 10 63872 0 0 60 30 45 0 0 -> 3065119033 63071 60 9 63871
1691 3065119033 63071 60 9 63871 0 0 60 30 45 0 0 -> 3065119033 63071 59 8 63870
1692 3065119033 63071 59 8 63870 0 0 60 30 45 0 0 -> 3065119033 63071 58 7 63869
1693 3065119033 63071 58 7 63869 0 0 60 30 45 0 0 -> 3065119033 63071 57 6 63868
1694 3065119033 63071 57 6 63868 0 0 60 30 45 0 0 -> 3065119033 63071 56 5 63867
1695 3065119033 63071 56 5 63867 0 0 60 30 45 0 0 -> 3065119033 63071 55 4 63866
1696 3065119033 63071 55 4 63866 0 0 60 30 45 0 0 -> 3065119033 63071 54 3 63865
1697 3065119033 63071 54 3 63865 0 0 60 30 45 0 0 -> 3065119033 63071 53 2 63864
1698 3065119033 63071 53 2 63864 0 0 60 30 45 0 0 -> 3065119033 63071 52 1 63863
1699 3065119033 63071 52 1 63863 0 0 60 30 45 0 0 -> 1900024702 62271 51 33 63862
1700 1900024702 62271 51 33 63862 0 0 60 30 45 0 0 -> 1900024702 62271 50 32 63861
1701 1900024702 62271 50 32 63861 0 0 60 30 45 0 0 -> 1900024702 62271 49 31 63860
1702 1900024702 62271 49 31 63860 0 0 60 30 45 0 0 -> 1900024702 62271 48 30 63859
1703 1900024702 62271 48 30 63859 0 0 60 30 45 0 0 -> 1900024702 62271 47 29 63858
1704 1900024702 62271 47 29 63858 0 0 60 30 45 0 0 -> 1900024702 62271 46 28 63857
1705 1900024702 62271 46 28 63857 0 0 60 30 45 0 0 -> 1900024702 62271 45 27 63856
1706 1900024702 62271 45 27 63856 0 0 60 30 45 0 0 -> 1900024702 62271 44 26 63855
1707 1900024702 62271 44 26 63855 0 0 60 30 45 0 0 -> 1900024702 62271 43 25 63854
1708 1900024702 62271 43 25 63854 0 0 60 30 45 0 0 -> 1900024702 62271 42 24 63853
1709 1900024702 62271 42 24 63853 0 0 60 30 45 0 0 -> 1900024702 62271 41 23 63852
1710 1900024702 62271 41 23 63852 0 0 60 30 45 0 0 -> 1900024702 62271 40 22 63851
1711 1900024702 62271 40 22 63851 0 0 60 30 45 0 0 -> 1900024702 62271 39 21 63850
1712 1900024702 62271 39 21 63850 0 0 60 30 45 0 0 -> 1900024702 62271 38 20 63849
1713 1900024702 62271 38 20 63849 0 0 60 30 45 0 0 -> 1900024702 62271 37 19 63848
1714 1900024702 62271 37 19 63848 0 0 60 30 45 0 0 -> 1900024702 62271 36 18 63847
1715 1900024702 62271 36 18 63847 0 0 60 30 45 0 0 -> 1900024702 62271 35 17 63846
1716 1900024702 62271 35 17 63846 0 0 60 30 45 0 0 -> 1900024702 62271 34 16 63845
1717 1900024702 62271 34 16 63845 0 0 60 30 45 0 0 -> 1900024702 62271 33 15 63844
1718 1900024702 62271 33 15 63844 0 0 60 30 45 0 0 -> 1900024702 62271 32 14 63843
1719 1900024702 62271 32 14 63843 0 0 60 30 45 0 0 -> 1900024702 62271 31 13 63842
1720 1900024702 62271 31 13 63842 0 0 60 30 45 0 0 -> 1900024702 62271 30 12 63841
1721 1900024702 62271 30 12 63841 0 0 60 30 45 0 0 -> 1900024702 62271 29 11 63840
1722 1900024702 62271 29 11 63840 0 0 60 30 45 0 0 -> 1900024702 62271 28 10 63839
1723 1900024702 62271 28 10 63839 0 0 60 30 45 0 0 -> 1900024702 62271 27 9 63838
1724 1900024702 62271 27 9 63838 0 0 60 30 45 0 0 -> 1900024702 62271 26 8 63837
1725 1900024702 62271 26 8 63837 0 0 60 30 45 0 0 -> 1900024702 62271 25 7 63836
1726 1900024702 62271 25 7 63836 0 0 60 30 45 0 0 -> 1900024702 62271 24 6 63835
1727 1900024702 62271 24 6 63835 0 0 60 30 45 0 0 -> 1900024702 62271 23 5 63834
1728 1900024702 62271 23 5 63834 0 0 60 30 45 0 0 -> 1900024702 62271 22 4 63833
1729 1900024702 62271 22 4 63833 0 0 60 30 45 0 0 -> 1900024702 62271 21 3 63832
1730 1900024702 62271 21 3 63832 0 0 60 30 45 0 0 -> 1900024702 62271 20 2 63831
1731 1900024702 62271 20 2 63831 0 0 60 30 45 0 0 -> 1900024702 62271 19 1 63830
1732 1900024702 62271 19 1 63830 0 0 60 30 45 0 0 -> 3484213471 61839 18 34 63829
1733 3484213471 61839 18 34 63829 0 0 60 30 45 0 0 -> 3484213471 61839 17 33 63828
1734 3484213471 61839 17 33 63828 0 0 60 30 45 0 0 -> 3484213471 61839 16 32 63827
1735 3484213471 61839 16 32 63827 0 0 60 30 45 0 0 -> 3484213471 61839 15 31 63826
1736 3484213471 61839 15 31 63826 0 0 60 30 45 0 0 -> 3484213471 61839 14 30 63825
1737 3484213471 61839 14 30 63825 0 0 60 30 45 0 0 -> 3484213471 61839 13 29 63824
1738 3484213471 61839 13 29 63824 0 0 60 30 45 0 0 -> 3484213471 61839 12 28 63823
1739 3484213471 61839 12 28 63823 0 0 60 30 45 0 0 -> 3484213471 61839 11 27 63822
1740 3484213471 61839 11 27 63822 0 0 60 30 45 0 0 -> 3484213471 61839 10 26 63821
1741 3484213471 61839 10 26 63821 0 0 60 30 45 0 0 -> 3484213471 61839 9 25 63820
1742 3484213471 61839 9 25 63820 0 0 60 30 45 0 0 -> 3484213471 61839 8 24 63819
1743 3484213471 61839 8 24 63819 0 0 60 30 45 0 0 -> 3484213471 61839 7 23 63818
1744 3484213471 61839 7 23 63818 0 0 60 30 45 0 0 -> 3484213471 61839 6 22 63817
1745 3484213471 61839 6 22 63817 0 0 60 30 45 0 0 -> 3484213471 61839 5 21 63816
1746 3484213471 61839 5 21 63816 0 0 60 30 45 0 0 -> 3484213471 61839 4 20 63815
1747 3484213471 61839 4 20 63815 0 0 60 30 45 0 0 -> 3484213471 61839 3 19 63814
1748 3484213471 61839 3 19 63814 0 0 60 30 45 0 0 -> 3484213471 61839 2 18 63813
1749 3484213471 61839 2 18 63813 0 0 60 30 45 0 0 -> 3484213471 61839 1 17 63812
1750 3484213471 61839 1 17 63812 0 0 60 30 45 0 0 -> 2761548076 61655 60 16 63811
1751 2761548076 61655 60 16 63811 0 0 60 30 45 0 0 -> 2761548076 61655 59 15 63810
1752 2761548076 61655 59 15 63810 0 0 60 30 45 0 0 -> 2761548076 61655 58 14 63809
1753 2761548076 61655 58 14 63809 0 0 60 30 45 0 0 -> 2761548076 61655 57 13 63808
1754 2761548076 61655 57 13 63808 0 0 60 30 45 0 0 -> 2761548076 61655 56 12 63807
1755 2761548076 61655 56 12 63807 0 0 60 30 45 0 0 -> 2761548076 61655 55 11 63806
1756 2761548076 61655 55 11 63806 0 0 60 30 45 0 0 -> 2761548076 61655 54 10 63805
1757 2761548076 61655 54 10 63805 0 0 60 30 45 0 0 -> 2761548076 61655 53 9 63804
1758 2761548076 61655 53 9 63804 0 0 60 30 45 0 0 -> 2761548076 61655 52 8 63803
1759 2761548076 61655 52 8 63803 0 0 60 30 45 0 0 -> 2761548076 61655 51 7 63802
1760 2761548076 61655 51 7 63802 0 0 60 30 45 0 0 -> 2761548076 61655 50 6 63801
1761 2761548076 61655 50 6 63801 0 0 60 30 45 0 0 -> 2761548076 61655 49 5 63800
1762 2761548076 61655 49 5 63800 0 0 60 30 45 0 0 -> 2761548076 61655 48 4 63799
1763 2761548076 61655 48 4 63799 0 0 60 30 45 0 0 -> 2761548076 61655 47 3 63798
1764 2761548076 61655 47 3 63798 0 0 60 30 45 0 0 -> 2761548076 61655 46 2 63797
1765 2761548076 61655 46 2 63797 0 0 60 30 45 0 0 -> 2761548076 61655 45 1 63796
1766 2761548076 61655 45 1 63796 0 0 60 30 45 0 0 -> 1277720565 61563 44 31 63795
1767 1277720565 61563 44 31 63795 0 0 60 30 45 0 0 -> 1277720565 61563 43 30 63794
1768 1277720565 61563 43 30 63794 0 0 60 30 45 0 0 -> 1277720565 61563 42 29 63793
1769 1277720565 61563 42 29 63793 0 0 60 30 45 0 0 -> 1277720565 61563 41 28 63792
1770 1277720565 61563 41 28 63792 0 0 60 30 45 0 0 -> 1277720565 61563 40 27 63791
1771 1277720565 61563 40 27 63791 0 0 60 30 45 0 0 -> 1277720565 61563 39 26 63790
1772 1277720565 61563 39 26 63790 0 0 60 30 45 0 0 -> 1277720565 61563 38 25 63789
1773 1277720565 61563 38 25 63789 0 0 60 30 45 0 0 -> 1277720565 61563 37 24 63788
1774 1277720565 61563 37 24 63788 0 0 60 30 45 0 0 -> 1277720565 61563 36 23 63787
1775 1277720565 61563 36 23 63787 0 0 60 30 45 0 0 -> 1277720565 61563 35 22 63786
1776 1277720565 61563 35 22 63786 0 0 60 30 45 0 0 -> 1277720565 61563 34 21 63785
1777 1277720565 61563 34 21 63785 0 0 60 30 45 0 0 -> 1277720565 61563 33 20 63784
1778 1277720565 61563 33 20 63784 0 0 60 30 45 0 0 -> 1277720565 61563 32 19 63783
1779 1277720565 61563 32 19 63783 0 0 60 30 45 0 0 -> 1277720565 61563 31 18 63782
1780 1277720565 61563 31 18 63782 0 0 60 30 45 0 0 -> 1277720565 61563 30 17 63781
1781 1277720565 61563 30 17 63781 0 0 60 30 45 0 0 -> 1277720565 61563 29 16 63780
1782 1277720565 61563 29 16 63780 0 0 60 30 45 0 0 -> 1277720565 61563 28 15 63779
1783 1277720565 61563 28 15 63779 0 0 60 30 45 0 0 -> 1277720565 61563 27 14 63778
1784 1277720565 61563 27 14 63778 0 0 60 30 45 0 0 -> 1277720565 61563 26 13 63777
1785 1277720565 61563 26 13 63777 0 0 60 30 45 0 0 -> 1277720565 61563 25 12 63776
1786 1277720565 61563 25 12 63776 0 0 60 30 45 0 0 -> 1277720565 61563 24 11 63775
1787 1277720565 61563 24 11 63775 0 0 60 30 45 0 0 -> 1277720565 61563 23 10 63774
1788 1277720565 61563 23 10 63774 0 0 60 30 45 0 0 -> 1277720565 61563 22 9 63773
1789 1277720565 61563 22 9 63773 0 0 60 30 45 0 0 -> 1277720565 61563 21 8 63772
1790 1277720565 61563 21 8 63772 0 0 60 30 45 0 0 -> 1277720565 61563 20 7 63771
1791 1277720565 61563 20 7 63771 0 0 60 30 45 0 0 -> 1277720565 61563 19 6 63770
1792 1277720565 61563 19 6 63770 0 0 60 30 45 0 0 -> 1277720565 61563 18 5 63769
1793 1277720565 61563 18 5 63769 0 0 60 30 45 0 0 -> 1277720565 61563 17 4 63768
1794 1277720565 61563 17 4 63768 0 0 60 30 45 0 0 -> 1277720565 61563 16 3 63767
1795 1277720565 61563 16 3 63767 0 0 60 30 45 0 0 -> 1277720565 61563 15 2 63766
1796 1277720565 61563 15 2 63766 0 0 60 30 45 0 0 -> 1277720565 61563 14 1 63765
1797 1277720565 61563 14 1 63765 0 0 60 30 45 0 0 -> 3192252810 61485 13 40 63764
1798 3192252810 61485 13 40 63764 0 0 60 30 45 0 0 -> 3192252810 61485 12 39 63763
1799 3192252810 61485 12 39 63763 0 0 60 30 45 0 0 -> 3192252810 61485 11 38 63762
1800 3192252810 61485 11 38 63762 0 0 60 30 45 0 0 -> 3192252810 61485 10 37 63761
1801 3192252810 61485 10 37 63761 0 0 60 30 45 0 0 -> 3192252810 61485 9 36 63760
1802 3192252810 61485 9 36 63760 0 0 60 30 45 0 0 -> 3192252810 61485 8 35 63759
1803 3192252810 61485 8 35 63759 0 0 60 30 45 0 0 -> 3192252810 61485 7 34 63758
1804 3192252810 61485 7 34 63758 0 0 60 30 45 0 0 -> 3192252810 61485 6 33 63757
1805 3192252810 61485 6 33 63757 0 0 60 30 45 0 0 -> 3192252810 61485 5 32 63756
1806 3192252810 61485 5 32 63756 0 0 60 30 45 0 0 -> 3192252810 61485 4 31 63755
1807 3192252810 61485 4 31 63755 0 0 60 30 45 0 0 -> 3192252810 61485 3 30 63754
1808 3192252810 61485 3 30 63754 0 0 60 30 45 0 0 -> 3192252810 61485 2 29 63753
1809 3192252810 61485 2 29 63753 0 0 60 30 45 0 0 -> 3192252810 61485 1 28 63752
1810 3192252810 61485 1 28 63752 0 0 60 30 45 0 0 -> 4222135291 61446 60 27 63751
1811 4222135291 61446 60 27 63751 0 0 60 30 45 0 0 -> 4222135291 61446 59 26 63750
1812 4222135291 61446 59 26 63750 0 0 60 30 45 0 0 -> 4222135291 61446 58 25 63749
1813 4222135291 61446 58 25 63749 0 0 60 30 45 0 0 -> 4222135291 61446 57 24 63748
1814 4222135291 61446 57 24 63748 0 0 60 30 45 0 0 -> 4222135291 61446 56 23 63747
1815 4222135291 61446 56 23 63747 0 0 60 30 45 0 0 -> 4222135291 61446 55 22 63746
1816 4222135291 61446 55 22 63746 0 0 60 30 45 0 0 -> 4222135291 61446 54 21 63745
1817 4222135291 61446 54 21 63745 0 0 60 30 45 0 0 -> 4222135291 61446 53 20 63744
1818 4222135291 61446 53 20 63744 0 0 60 30 45 0 0 -> 4222135291 61446 52 19 63743
1819 4222135291 61446 52 19 63743 0 0 60 30 45 0 0 -> 4222135291 61446 51 18 63742
1820 4222135291 61446 51 18 63742 0 0 60 30 45 0 0 -> 4222135291 61446 50 17 63741
1821 4222135291 61446 50 17 63741 0 0 60 30 45 0 0 -> 4222135291 61446 49 16 63740
1822 4222135291 61446 49 16 63740 0 0 60 30 45 0 0 -> 4222135291 61446 48 15 63739
1823 4222135291 61446 48 15 63739 0 0 60 30 45 0 0 -> 4222135291 61446 47 14 63738
1824 4222135291 61446 47 14 63738 0 0 60 30 45 0 0 -> 4222135291 61446 46 13 63737
1825 4222135291 61446 46 13 63737 0 0 60 30 45 0 0 -> 4222135291 61446 45 12 63736
1826 4222135291 61446 45 12 63736 0 0 60 30 45 0 0 -> 4222135291 61446 44 11 63735
1827 4222135291 61446 44 11 63735 0 0 60 30 45 0 0 -> 4222135291 61446 43 10 63734
1828 4222135291 61446 43 10 63734 0 0 60 30 45 0 0 -> 4222135291 61446 42 9 63733
1829 4222135291 61446 42 9 63733 0 0 60 30 45 0 0 -> 4222135291 61446 41 8 63732
1830 4222135291 61446 41 8 63732 0 0 60 30 45 0 0 -> 4222135291 61446 40 7 63731
1831 4222135291 61446 40 7 63731 0 0 60 30 45 0 0 -> 4222135291 61446 39 6 63730
1832 4222135291 61446 39 6 63730 0 0 60 30 45 0 0 -> 4222135291 61446 38 5 63729
1833 4222135291 61446 38 5 63729 0 0 60 30 45 0 0 -> 4222135291 61446 37 4 63728
1834 4222135291 61446 37 4 63728 0 0 60 30 45 0 0 -> 4222135291 61446 36 3 63727
1835 4222135291 61446 36 3 63727 0 0 60 30 45 0 0 -> 4222135291 61446 35 2 63726
1836 4222135291 61446 35 2 63726 0 0 60 30 45 0 0 -> 4222135291 61446 34 1 63725
1837 4222135291 61446 34 1 63725 0 0 60 30 45 0 0 -> 1247405080 30723 33 31 63724
1838 1247405080 30723 33 31 63724 0 0 60 30 45 0 0 -> 1247405080 30723 32 30 63723
1839 1247405080 30723 32 30 63723 0 0 60 30 45 0 0 -> 1247405080 30723 31 29 63722
1840 1247405080 30723 31 29 63722 0 0 60 30 45 0 0 -> 1247405080 30723 30 28 63721
1841 1247405080 30723 30 28 63721 0 0 60 30 45 0 0 -> 1247405080 30723 29 27 63720
1842 1247405080 30723 29 27 63720 0 0 60 30 45 0 0 -> 1247405080 30723 28 26 63719
1843 1247405080 30723 28 26 63719 0 0 60 30 45 0 0 -> 1247405080 30723 27 25 63718
1844 1247405080 30723 27 25 63718 0 0 60 30 45 0 0 -> 1247405080 30723 26 24 63717
1845 1247405080 30723 26 24 63717 0 0 60 30 45 0 0 -> 1247405080 30723 25 23 63716
1846 1247405080 30723 25 23 63716 0 0 60 30 45 0 0 -> 1247405080 30723 24 22 63715
1847 1247405080 30723 24 22 63715 0 0 60 30 45 0 0 -> 1247405080 30723 23 21 63714
1848 1247405080 30723 23 21 63714 0 0 60 30 45 0 0 -> 1247405080 30723 22 20 63713
1849 1247405080 30723 22 20 63713 0 0 60 30 45 0 0 -> 1247405080 30723 21 19 63712
1850 1247405080 30723 21 19 63712 0 0 60 30 45 0 0 -> 1247405080 30723 20 18 63711
1851 1247405080 30723 20 18 63711 0 0 60 30 45 0 0 -> 1247405080 30723 19 17 63710
1852 1247405080 30723 19 17 63710 0 0 60 30 45 0 0 -> 1247405080 30723 18 16 63709
1853 1247405080 30723 18 16 63709 0 0 60 30 45 0 0 -> 1247405080 30723 17 15 63708
1854 1247405080 30723 17 15 63708 0 0 60 30 45 0 0 -> 1247405080 30723 16 14 63707
1855 1247405080 30723 16 14 63707 0 0 60 30 45 0 0 -> 1247405080 30723 15 13 63706
1856 1247405080 30723 15 13 63706 0 0 60 30 45 0 0 -> 1247405080 30723 14 12 63705
1857 1247405080 30723 14 12 63705 0 0 60 30 45 0 0 -> 1247405080 30723 13 11 63704
1858 1247405080 30723 13 11 63704 0 0 60 30 45 0 0 -> 1247405080 30723 12 10 63703
1859 1247405080 30723 12 10 63703 0 0 60 30 45 0 0 -> 1247405080 30723 11 9 63702
1860 1247405080 30723 11 9 63702 0 0 60 30 45 0 0 -> 1247405080 30723 10 8 63701
1861 1247405080 30723 10 8 63701 0 0 60 30 45 0 0 -> 1247405080 30723 9 7 63700
1862 1247405080 30723 9 7 63700 0 0 60 30 45 0 0 -> 1247405080 30723 8 6 63699
1863 1247405080 30723 8 6 63699 0 0 60 30 45 0 0 -> 1247405080 30723 7 5 63698
1864 1247405080 30723 7 5 63698 0 0 60 30 45 0 0 -> 1247405080 30723 6 4 63697
1865 1247405080 30723 6 4 63697 0 0 60 30 45 0 0 -> 1247405080 30723 5 3 63696
1866 1247405080 30723 5 3 63696 0 0 60 30 45 0 0 -> 1247405080 30723 4 2 63695
1867 1247405080 30723 4 2 63695 0 0 60 30 45 0 0 -> 1247405080 30723 3 1 63694
1868 1247405080 30723 3 1 63694 0 0 60 30 45 0 0 -> 2387975793 46097 2 38 63693
1869 2387975793 46097 2 38 63693 0 0 60 30 45 0 0 -> 2387975793 46097 1 37 63692
1870 2387975793 46097 1 37 63692 0 0 60 30 45 0 0 -> 3978368086 53784 60 36 63691
1871 3978368086 53784 60 36 63691 0 0 60 30 45 0 0 -> 3978368086 53784 59 35 63690
1872 3978368086 53784 59 35 63690 0 0 60 30 45 0 0 -> 3978368086 53784 58 34 63689
1873 3978368086 53784 58 34 63689 0 0 60 30 45 0 0 -> 3978368086 53784 57 33 63688
1874 3978368086 53784 57 33 63688 0 0 60 30 45 0 0 -> 3978368086 53784 56 32 63687
1875 3978368086 53784 56 32 63687 0 0 60 30 45 0 0 -> 3978368086 53784 55 31 63686
1876 3978368086 53784 55 31 63686 0 0 60 30 45 0 0 -> 3978368086 53784 54 30 63685
1877 3978368086 53784 54 30 63685 0 0 60 30 45 0 0 -> 3978368086 53784 53 29 63684
1878 3978368086 53784 53 29 63684 0 0 60 30 45 0 0 -> 3978368086 53784 52 28 63683
1879 3978368086 53784 52 28 63683 0 0 60 30 45 0 0 -> 3978368086 53784 51 27 63682
1880 3978368086 53784 51 27 63682 0 0 60 30 45 0 0 -> 3978368086 53784 50 26 63681
1881 3978368086 53784 50 26 63681 0 0 60 30 45 0 0 -> 3978368086 53784 49 25 63680
1882 3978368086 53784 49 25 63680 0 0 60 30 45 0 0 -> 3978368086 53784 48 24 63679
1883 3978368086 53784 48 24 63679 0 0 60 30 45 0 0 -> 3978368086 53784 47 23 63678
1884 3978368086 53784 47 23 63678 0 0 60 30 45 0 0 -> 3978368086 53784 46 22 63677
1885 3978368086 53784 46 22 63677 0 0 60 30 45 0 0 -> 3978368086 53784 45 21 63676
1886 3978368086 53784 45 21 63676 0 0 60 30 45 0 0 -> 3978368086 53784 44 20 63675
1887 3978368086 53784 44 20 63675 0 0 60 30 45 0 0 -> 3978368086 53784 43 19 63674
1888 3978368086 53784 43 19 63674 0 0 60 30 45 0 0 -> 3978368086 53784 42 18 63673
1889 3978368086 53784 42 18 63673 0 0 60 30 45 0 0 -> 3978368086 53784 41 17 63672
1890 3978368086 53784 41 17 63672 0 0 60 30 45 0 0 -> 3978368086 53784 40 16 63671
1891 3978368086 53784 40 16 63671 0 0 60 30 45 0 0 -> 3978368086 53784 39 15 63670
1892 3978368086 53784 39 15 63670 0 0 60 30 45 0 0 -> 3978368086 53784 38 14 63669
1893 3978368086 53784 38 14 63669 0 0 60 30 45 0 0 -> 3978368086 53784 37 13 63668
1894 3978368086 53784 37 13 63668 0 0 60 30 45 0 0 -> 3978368086 53784 36 12 63667
1895 3978368086 53784 36 12 63667 0 0 60 30 45 0 0 -> 3978368086 53784 35 11 63666
1896 3978368086 53784 35 11 63666 0 0 60 30 45 0 0 -> 3978368086 53784 34 10 63665
1897 3978368086 53784 34 10 63665 0 0 60 30 45 0 0 -> 3978368086 53784 33 9 63664
1898 3978368086 53784 33 9 63664 0 0 60 30 45 0 0 -> 3978368086 53784 32 8 63663
1899 3978368086 53784 32 8 63663 0 0 60 30 45 0 0 -> 3978368086 53784 31 7 63662
1900 3978368086 53784 31 7 63662 0 0 60 30 45 0 0 -> 3978368086 53784 30 6 63661
1901 3978368086 53784 30 6 63661 0 0 60 30 45 0 0 -> 3978368086 53784 29 5 63660
1902 3978368086 53784 29 5 63660 0 0 60 30 45 0 0 -> 3978368086 53784 28 4 63659
1903 3978368086 53784 28 4 63659 0 0 60 30 45 0 0 -> 3978368086 53784 27 3 63658
1904 3978368086 53784 27 3 63658 0 0 60 30 45 0 0 -> 3978368086 53784 26 2 63657
1905 3978368086 53784 26 2 63657 0 0 60 30 45 0 0 -> 3978368086 53784 25 1 63656
1906 3978368086 53784 25 1 63656 0 0 60 30 45 0 0 -> 2613841111 26892 24 36 63655
1907 2613841111 26892 24 36 63655 0 0 60 30 45 0 0 -> 2613841111 26892 23 35 63654
1908 2613841111 26892 23 35 63654 0 0 60 30 45 0 0 -> 2613841111 26892 22 34 63653
1909 2613841111 26892 22 34 63653 0 0 60 30 45 0 0 -> 2613841111 26892 21 33 63652
1910 2613841111 26892 21 33 63652 0 0 60 30 45 0 0 -> 2613841111 26892 20 32 63651
1911 2613841111 26892 20 32 63651 0 0 60 30 45 0 0 -> 2613841111 26892 19 31 63650
1912 2613841111 26892 19 31 63650 0 0 60 30 45 0 0 -> 2613841111 26892 18 30 63649
1913 2613841111 26892 18 30 63649 0 0 60 30 45 0 0 -> 2613841111 26892 17 29 63648
1914 2613841111 26892 17 29 63648 0 0 60 30 45 0 0 -> 2613841111 26892 16 28 63647
1915 2613841111 26892 16 28 63647 0 0 60 30 45 0 0 -> 2613841111 26892 15 27 63646
1916 2613841111 26892 15 27 63646 0 0 60 30 45 0 0 -> 2613841111 26892 14 26 63645
1917 2613841111 26892 14 26 63645 0 0 60 30 45 0 0 -> 2613841111 26892 13 25 63644
1918 2613841111 26892 13 25 63644 0 0 60 30 45 0 0 -> 2613841111 26892 12 24 63643
1919 2613841111 26892 12 24 63643 0 0 60 30 45 0 0 -> 2613841111 26892 11 23 63642
1920 2613841111 26892 11 23 63642 0 0 60 30 45 0 0 -> 2613841111 26892 10 22 63641
1921 2613841111 26892 10 22 63641 0 0 60 30 45 0 0 -> 2613841111 26892 9 21 63640
1922 2613841111 26892 9 21 63640 0 0 60 30 45 0 0 -> 2613841111 26892 8 20 63639
1923 2613841111 26892 8 20 63639 0 0 60 30 45 0 0 -> 2613841111 26892 7 19 63638
1924 2613841111 26892 7 19 63638 0 0 60 30 45 0 0 -> 2613841111 26892 6 18 63637
1925 2613841111 26892 6 18 63637 0 0 60 30 45 0 0 -> 2613841111 26892 5 17 63636
1926 2613841111 26892 5 17 63636 0 0 60 30 45 0 0 -> 2613841111 26892 4 16 63635
1927 2613841111 26892 4 16 63635 0 0 60 30 45 0 0 -> 2613841111 26892 3 15 63634
1928 2613841111 26892 3 15 63634 0 0 60 30 45 0 0 -> 2613841111 26892 2 14 63633
1929 2613841111 26892 2 14 63633 0 0 60 30 45 0 0 -> 2613841111 26892 1 13 63632
1930 2613841111 26892 1 13 63632 0 0 60 30 45 0 0 -> 118827460 13446 60 12 63631
1931 118827460 13446 60 12 63631 0 0 60 30 45 0 0 -> 118827460 13446 59 11 63630
1932 118827460 13446 59 11 63630 0 0 60 30 45 0 0 -> 118827460 13446 58 10 63629
1933 118827460 13446 58 10 63629 0 0 60 30 45 0 0 -> 118827460 13446 57 9 63628
1934 118827460 13446 57 9 63628 0 0 60 30 45 0 0 -> 118827460 13446 56 8 63627
1935 118827460 13446 56 8 63627 0 0 60 30 45 0 0 -> 118827460 13446 55 7 63626
1936 118827460 13446 55 7 63626 0 0 60 30 45 0 0 -> 118827460 13446 54 6 63625
1937 118827460 13446 54 6 63625 0 0 60 30 45 0 0 -> 118827460 13446 53 5 63624
1938 118827460 13446 53 5 63624 0 0 60 30 45 0 0 -> 118827460 13446 52 4 63623
1939 118827460 13446 52 4 63623 0 0 60 30 45 0 0 -> 118827460 13446 51 3 63622
1940 118827460 13446 51 3 63622 0 0 60 30 45 0 0 -> 118827460 13446 50 2 63621
1941 118827460 13446 50 2 63621 0 0 60 30 45 0 0 -> 118827460 13446 49 1 63620
1942 118827460 13446 49 1 63620 0 0 60 30 45 0 0 -> 2287251629 6723 48 38 63619
1943 2287251629 6723 48 38 63619 0 0 60 30 45 0 0 -> 2287251629 6723 47 37 63618
1944 2287251629 6723 47 37 63618 0 0 60 30 45 0 0 -> 2287251629 6723 46 36 63617
1945 2287251629 6723 46 36 63617 0 0 60 30 45 0 0 -> 2287251629 6723 45 35 63616
1946 2287251629 6723 45 35 63616 0 0 60 30 45 0 0 -> 2287251629 6723 44 34 63615
1947 2287251629 6723 44 34 63615 0 0 60 30 45 0 0 -> 2287251629 6723 43 33 63614
1948 2287251629 6723 43 33 63614 0 0 60 30 45 0 0 -> 2287251629 6723 42 32 63613
1949 2287251629 6723 42 32 63613 0 0 60 30 45 0 0 -> 2287251629 6723 41 31 63612
1950 2287251629 6723 41 31 63612 0 0 60 30 45 0 0 -> 2287251629 6723 40 30 63611
1951 2287251629 6723 40 30 63611 0 0 60 30 45 0 0 -> 2287251629 6723 39 29 63610
1952 2287251629 6723 39 29 63610 0 0 60 30 45 0 0 -> 2287251629 6723 38 28 63609
1953 2287251629 6723 38 28 63609 0 0 60 30 45 0 0 -> 2287251629 6723 37 27 63608
1954 2287251629 6723 37 27 63608 0 0 60 30 45 0 0 -> 2287251629 6723 36 26 63607
1955 2287251629 6723 36 26 63607 0 0 60 30 45 0 0 -> 2287251629 6723 35 25 63606
1956 2287251629 6723 35 25 63606 0 0 60 30 45 0 0 -> 2287251629 6723 34 24 63605
1957 2287251629 6723 34 24 63605 0 0 60 30 45 0 0 -> 2287251629 6723 33 23 63604
1958 2287251629 6723 33 23 63604 0 0 60 30 45 0 0 -> 2287251629 6723 32 22 63603
1959 2287251629 6723 32 22 63603 0 0 60 30 45 0 0 -> 2287251629 6723 31 21 63602
1960 2287251629 6723 31 21 63602 0 0 60 30 45 0 0 -> 2287251629 6723 30 20 63601
1961 2287251629 6723 30 20 63601 0 0 60 30 45 0 0 -> 2287251629 6723 29 19 63600
1962 2287251629 6723 29 19 63600 0 0 60 30 45 0 0 -> 2287251629 6723 28 18 63599
1963 2287251629 6723 28 18 63599 0 0 60 30 45 0 0 -> 2287251629 6723 27 17 63598
1964 2287251629 6723 27 17 63598 0 0 60 30 45 0 0 -> 2287251629 6723 26 16 63597
1965 2287251629 6723 26 16 63597 0 0 60 30 45 0 0 -> 2287251629 6723 25 15 63596
1966 2287251629 6723 25 15 63596 0 0 60 30 45 0 0 -> 2287251629 6723 24 14 63595
1967 2287251629 6723 24 14 63595 0 0 60 30 45 0 0 -> 2287251629 6723 23 13 63594
1968 2287251629 6723 23 13 63594 0 0 60 30 45 0 0 -> 2287251629 6723 22 12 63593
1969 2287251629 6723 22 12 63593 0 0 60 30 45 0 0 -> 2287251629 6723 21 11 63592
1970 2287251629 6723 21 11 63592 0 0 60 30 45 0 0 -> 2287251629 6723 20 10 63591
1971 2287251629 6723 20 10 63591 0 0 60 30 45 0 0 -> 2287251629 6723 19 9 63590
1972 2287251629 6723 19 9 63590 0 0 60 30 45 0 0 -> 2287251629 6723 18 8 63589
1973 2287251629 6723 18 8 63589 0 0 60 30 45 0 0 -> 2287251629 6723 17 7 63588
1974 2287251629 6723 17 7 63588 0 0 60 30 45 0 0 -> 2287251629 6723 16 6 63587
1975 2287251629 6723 16 6 63587 0 0 60 30 45 0 0 -> 2287251629 6723 15 5 63586
1976 2287251629 6723 15 5 63586 0 0 60 30 45 0 0 -> 2287251629 6723 14 4 63585
1977 2287251629 6723 14 4 63585 0 0 60 30 45 0 0 -> 2287251629 6723 13 3 63584
1978 2287251629 6723 13 3 63584 0 0 60 30 45 0 0 -> 2287251629 6723 12 2 63583
1979 2287251629 6723 12 2 63583 0 0 60 30 45 0 0 -> 2287251629 6723 11 1 63582
1980 2287251629 6723 11 1 63582 0 0 60 30 45 0 0 -> 1823612898 34097 10 34 63581
1981 1823612898 34097 10 34 63581 0 0 60 30 45 0 0 -> 1823612898 34097 9 33 63580
1982 1823612898 34097 9 33 63580 0 0 60 30 45 0 0 -> 1823612898 34097 8 32 63579
1983 1823612898 34097 8 32 63579 0 0 60 30 45 0 0 -> 1823612898 34097 7 31 63578
1984 1823612898 34097 7 31 63578 0 0 60 30 45 0 0 -> 1823612898 34097 6 30 63577
1985 1823612898 34097 6 30 63577 0 0 60 30 45 0 0 -> 1823612898 34097 5 29 63576
1986 1823612898 34097 5 29 63576 0 0 60 30 45 0 0 -> 1823612898 34097 4 28 63575
1987 1823612898 34097 4 28 63575 0 0 60 30 45 0 0 -> 1823612898 34097 3 27 63574
1988 1823612898 34097 3 27 63574 0 0 60 30 45 0 0 -> 1823612898 34097 2 26 63573
1989 1823612898 34097 2 26 63573 0 0 60 30 45 0 0 -> 1823612898 34097 1 25 63572
1990 1823612898 34097 1 25 63572 0 0 60 30 45 0 0 -> 2556075891 51848 60 24 63571
1991 2556075891 51848 60 24 63571 0 0 60 30 45 0 0 -> 2556075891 51848 59 23 63570
1992 2556075891 51848 59 23 63570 0 0 60 30 45 0 0 -> 2556075891 51848 58 22 63569
1993 2556075891 51848 58 22 63569 0 0 60 30 45 0 0 -> 2556075891 51848 57 21 63568
1994 2556075891 51848 57 21 63568 0 0 60 30 45 0 0 -> 2556075891 51848 56 20 63567
1995 2556075891 51848 56 20 63567 0 0 60 30 45 0 0 -> 2556075891 51848 55 19 63566
1996 2556075891 51848 55 19 63566 0 0 60 30 45 0 0 -> 2556075891 51848 54 18 63565
1997 2556075891 51848 54 18 63565 0 0 60 30 45 0 0 -> 2556075891 51848 53 17 63564
1998 2556075891 51848 53 17 63564 0 0 60 30 45 0 0 -> 2556075891 51848 52 16 63563
1999 2556075891 51848 52 16 63563 0 0 60 30 45 0 0 -> 2556075891 51848 51 15 63562
